지역,매장,테마,별점,난이도,리뷰수
신촌,이스케이프시티 그랜드 시티 신촌점,컨티뉴얼,10,0,1
부산,셜록홈즈 부산아트몰링점,시간의 회랑,10,0,1
강남,키이스케이프 메모리컴퍼니,FILM BY BOB,9.62,4,406
강남,키이스케이프 메모리컴퍼니,FILM BY STEVE,9.59,6,777
건대,드림이스케이프,"바야흐로, 여름이었다",9.57,5,282
강남,키이스케이프 LOG_IN 1,머니머니패키지,9.53,6,625
인천,어메이즈드 부평 3호점,SHIFT : 고쿄의 하루,9.52,6,166
강남,키이스케이프 메모리컴퍼니,FILM BY EDDY,9.46,4,790
인천,둠 이스케이프 DTH점,슬래셔,9.43,7,394
홍대,티켓 투 이스케이프,갤럭시 익스프레스,9.41,6,186
홍대,제로월드 홍대점,ALIVE,9.35,5,423
강남,제로월드 강남점,제로,9.34,7,617
홍대,지구별 방탈출 홍대라스트시티점,섀도우,9.34,3,511
건대,황금열쇠 건대점 (유토피아호),fl[ae]sh,9.33,6,827
홍대,제로월드 홍대점,깜방탈출 : WAY OUT,9.32,7,439
강남,키이스케이프 LOG_IN 1,FOR FREE,9.32,4,229
강남,키이스케이프 LOG_IN 2,BACK TO THE SCENE+,9.32,4,543
강남,단편선,그림자 없는 상자,9.3,4,867
건대,드림이스케이프,ALLTHEBOX PARADISE,9.28,8,415
홍대,지구별 방탈출 홍대라스트시티점,?身(문신),9.27,5,405
부산,플레이포인트랩 해운대블루오션스테이션점,BANG,9.26,0,27
홍대,룸엘이스케이프 홍대 1호점,퇴근길,9.26,7,569
경기(기타),나비잠 2호점,Harpy’s Candy Shop,9.26,4,148
건대,황금열쇠 건대점 (유토피아호),NOW HERE,9.25,5,672
홍대,비트포비아 홍대 던전3,And I met E,9.25,4,743
홍대,지구별 방탈출 홍대라스트시티점,멸종위기종 탐사대,9.23,8,508
강남,키이스케이프 강남 우주라이크점,WANNA GO HOME,9.23,6,843
광주,판타지아,찬미특수진료센터 : The 1st Case,9.23,6,234
부산,비트포비아 서면 던전,오늘 나는,9.23,5,104
강남,플레이더월드 강남점,이웃집 또도와,9.22,7,557
강남,단편선,사람들은 그것을 행복이라 부르기로 했다,9.22,6,805
강남,키이스케이프 강남 더오름점,네드,9.22,6,951
건대,포인트나인 건대점,JACK IN THE SHOW,9.22,1,180
강남,키이스케이프 강남 우주라이크점,US,9.2,6,896
홍대,코드케이 홍대점,꼬레아 우라,9.18,7,1036
홍대,포인트나인 홍대점,SILENT,9.15,7,697
신촌,파노라마 신촌점,PANDORA,9.15,5,351
홍대,퀘스천마크,퀘스천마크,9.14,6,963
광주,판타지아,Inspecto : The 2nd Case,9.12,6,91
광주,숨바꼭질 3호점,종결사건,9.1,6,345
포항,룸즈에이 포항점,낭랑카페,9.09,0,11
강남,판타스트릭,태초의 신부 : 이브 프로젝트,9.09,8,837
강남,황금열쇠 강남점 (플라워로드),Back화점,9.09,7,773
강남,제로월드 강남점,링,9.09,5,756
잠실,제로월드 롯데월드점,바람_우리는 그저 바람이었소,9.08,6,224
성남,씨이스케이프,오드바,9.08,6,520
강남,비트포비아 던전루나,검은 운명의 밤,9.08,5,490
강남,포인트나인 강남 1호점,EP2 : 열쇠공의 이중생활,9.07,7,813
부산,셜록홈즈 부산기장정관점,유품정리사,9.07,6,97
홍대,위욜,디어마이프렌드,9.07,5,450
강남,제로월드 강남점,포레스트 (FORREST),9.05,8,757
홍대,비트포비아 홍대 던전3,경성 연쇄실종사건,9.04,7,649
강남,제로월드 강남점,DONE,9,6,730
잠실,한국 방탈출 교육원,소울리아,8.99,10,228
강남,비트포비아 던전스텔라,데스티니 앤드 타로,8.98,7,54
신촌,룸익스케이프 인디고블루점,"드림포스트 : 다시, 꿈꾸는 마을로...",8.97,6,556
광주,숨바꼭질 3호점,비공개모드,8.96,8,307
홍대,비트포비아 던전 101,화생설화 : Blooming,8.96,5,868
홍대,비트포비아 홍대 던전3,이미지 세탁소,8.96,4,575
부천,버스티드,탐정B : 브레인헌터의 진실,8.95,8,434
부산,셜록홈즈 부산기장정관점,트라이앵글,8.95,3,86
대구,황금열쇠 대구동성로 2호점 (더킹),BAD ROB BAD,8.93,6,206
강남,싸인 이스케이프 강남점,러너웨이,8.92,8,686
대구,황금열쇠 대구동성로 2호점 (더킹),2Ways,8.92,7,143
홍대,디코더,Tempo Rubato,8.92,6,730
강남,키이스케이프 강남 더오름점,엔제리오,8.9,7,866
홍대,이스케이퍼스 1호점,RS ROOM SPEED RUN,8.89,10,302
강남,이룸에이트,고인,8.87,8,283
수원,소우주,영포에버,8.86,8,521
안산,꿈소풍 안산 1호점,브레이크,8.86,6,127
강남,플레이포인트랩 강남점,갱생,8.85,7,434
강남,싸인 이스케이프 강남점,MUST,8.84,7,498
강남,엑소더스 강남 1호점,CLAIM,8.84,7,498
부천,버스티드,경성 (京城),8.84,5,495
강남,플레이더월드 강남점,이웃집 또털어,8.83,8,703
홍대,포인트나인 홍대점,Listen,8.83,7,559
홍대,싸인 이스케이프 홍대점,거상,8.83,6,702
강남,포인트나인 강남 1호점,EP3 : 눈 먼 귀금속상인의 후회,8.83,4,351
홍대,지구별 방탈출 홍대어드벤처점,미스터리,8.8,8,526
홍대,머더파커 홍대 1호점,칠칠77,8.8,7,648
성남,셜록홈즈 서현점,디스트로이드 : Destroid,8.79,7,206
홍대,티켓 투 이스케이프,삼일보육원,8.79,4,157
대구,룸즈에이 동성로 아카데미점,필활,8.79,4,87
홍대,오아시스,미씽 삭스 미스터리,8.79,3,518
홍대,머더파커 WOW 홍대점,선택받은 자,8.78,7,410
홍대,비트포비아 던전 101,전래동 : 자살사건,8.78,7,756
강남,비트포비아 강남 던전2,MAYDAY,8.78,6,719
강남,제로월드 강남점,아이엠,8.78,6,813
수원,상상의문 수원점,DKDK컴퍼니,8.78,5,37
홍대,오아시스,업사이드 다운,8.78,4,633
강남,제로월드 강남점,콜러,8.77,8,743
인천,둠 이스케이프 2호점,디스토피아,8.76,8,619
강남,도어이스케이프 블루 신논현점,TRUTH,8.76,7,691
서울(기타),호텔 레토 성수,호텔 레토,8.76,7,661
강남,비트포비아 강남 던전,강남목욕탕,8.76,2,719
포항,룸즈에이 포항점,안개꽃,8.75,0,12
일산,오늘 탈출 2호점,아이코,8.75,6,251
건대,이스케이프 # 건대점,고양학개론,8.75,5,476
신촌,클레버타운,난 너의 보이,8.73,7,138
홍대,지구별 방탈출 홍대라스트시티점,스텔라,8.73,2,304
강남,비트포비아 강남 던전,대호시장 살인사건,8.72,8,797
강남,비트포비아 강남 던전2,LOST KINGDOM2 : 대탐험의 시작,8.71,6,766
신촌,마스터키 프라임 신촌퍼블릭점,SCENE : 404 NOT FOUND,8.71,4,513
대구,황금열쇠 대구점,JAIL.O,8.7,9,370
경기(기타),나비잠 2호점,블라인드 저스티스,8.7,8,54
홍대,머더파커 WOW 홍대점,하(HA),8.7,7,404
대구,서울 이스케이프 룸 대구 동성로점,카지노,8.69,7,111
홍대,티켓 투 이스케이프,"HELLO, PRAY",8.69,6,65
대구,황금열쇠 대구동성로 2호점 (더킹),LAST,8.69,5,42
성남,상상의문 분당서현점,시크릿 왕국의 스캔들 (감독판),8.68,5,129
건대,이스케이프 # 건대점,오메가,8.67,6,402
대구,황금열쇠 대구동성로 2호점 (더킹),HEAVEN,8.67,5,263
대구,황금열쇠 대구동성로 2호점 (더킹),"다시, 너에게",8.66,8,202
건대,머더파커 건대 1호점,파커4,8.65,9,434
성남,상상의문 분당서현점,역만,8.65,9,262
잠실,머더파커 잠실점,정육각형,8.65,8,373
건대,넥스트에디션 보네르관,세렌디피티,8.65,6,679
인천,마스터키 부평점,별점테러 짜장나요,8.64,4,140
강남,판타스트릭 강남 2호점,사자의 서 : 북 오브 두아트,8.63,7,482
강남,포인트나인 강남 1호점,EP1 : 시간이 멈춘 마을,8.63,7,714
경기(기타),제로월드 김포점,최면,8.63,5,124
광주,에스케이프,링크 시즌 2,8.62,7,40
홍대,티켓 투 이스케이프,SCENE BEHIND THE SIN,8.62,5,145
홍대,딥띵커,옹이의 꿈,8.62,3,372
홍대,비트포비아 홍대 던전3,그달동네,8.62,3,641
홍대,이스케이퍼스 2호점,테라포밍마스,8.61,8,371
건대,포인트나인 건대점,ALBA,8.61,7,624
홍대,비밀의 화원 홍대 다운타운점,BOSS : COMPANY_LU,8.61,5,575
대구,지구별 방탈출,우리 아빠,8.61,5,335
수원,룸즈에이 수원역2호점,평화로운 에이마트,8.61,4,313
강남,도어 이스케이프 레드 신논현점,LUCKY,8.6,6,731
수원,룸즈에이 수원역2호점,Hotel California,8.59,9,288
강남,겟어웨이 방탈출,#4 악마와 싸우는 자,8.59,5,39
부산,머더파커 부산점,액션(Action),8.59,5,135
인천,어메이즈드 부평 2호점,하시마,8.58,7,544
강남,포인트나인 강남 1호점,EP4 : 주인 없는 낡은 서점,8.57,8,583
건대,머더파커 건대 2호점,동창회,8.56,8,462
건대,드림이스케이프,Dolphin,8.56,6,506
건대,포인트나인 건대점,RETURN,8.56,5,647
광주,숨바꼭질 2호점,명당,8.56,3,365
인천,넥스트에디션 부평점,THISMAN,8.55,7,510
일산,오늘 탈출,첫 출근 이야기,8.55,7,377
수원,골든타임 이스케이프,순백향,8.55,6,369
광주,숨바꼭질 2호점,재개발구역 : 관계자 외 출입금지,8.55,6,337
강남,플레이더월드 강남점,두근두근 러브 대작전,8.55,4,55
건대,드림이스케이프,V.E.T.,8.55,3,469
대구,머더파커 대구 2호점,타겟,8.54,8,237
홍대,비트포비아 던전 101,MST 엔터테인먼트,8.54,5,716
대구,지구별 방탈출,만월 << 꿈을 훔치는 요괴>>,8.53,5,387
대구,지구별 방탈출,펭귄키우기,8.52,9,284
대학로,에필로그,STAGE,8.52,6,365
홍대,키이스케이프 홍대점,고백,8.51,9,643
홍대,머더파커 WOW 홍대점,홈그라운드(Home Ground),8.51,3,430
홍대,위욜,즐거운 나의 집,8.5,7,476
인천,어메이즈드 부평 2호점,이탈리안잡,8.49,7,617
광주,비밀의 화원 광주점,비밀의 가족,8.49,7,53
부산,머더파커 부산점,사라진 보물2056,8.48,8,135
신림,룸엘이스케이프,METRO,8.48,5,629
전주,머더파커 전주 2호점,스모커,8.48,5,132
일산,에베레스트 이스케이프,EVEREST,8.47,7,235
부산,비트포비아 서면 던전,꿈의 공장,8.47,3,98
부산,셜록홈즈 부산아트몰링점,95,8.46,0,13
홍대,키이스케이프 홍대점,삐릿-뽀,8.46,7,761
광주,숨바꼭질 2호점,무죄2,8.46,7,302
광주,에스케이프,레드,8.46,6,237
대학로,에필로그,MONDAY NIGHT,8.45,5,423
수원,소우주,풀문,8.45,5,494
홍대,비트포비아 홍대 던전,오늘 나는,8.45,4,653
건대,머더파커 건대 2호점,5010,8.44,8,352
대학로,상상의문 대학로점,나이트워크 (리뉴얼),8.44,6,212
잠실,머더파커 잠실점,집으로 가자 야호!,8.43,5,418
대학로,상상의문 대학로점,스포일러,8.42,9,448
서울(기타),셜록홈즈 서울대입구점,더 헝거:욕망의 큐브,8.42,8,165
홍대,제로월드 홍대점,사랑...하는...감?,8.42,7,433
홍대,머더파커 홍대 1호점,엠M,8.39,8,476
홍대,티켓 투 이스케이프,오 자네 왔는가!,8.39,6,140
강남,키이스케이프 강남점,그카지말라캤자나,8.39,4,791
경기(기타),시크릿도어 방탈출,클로젯 The Closet,8.38,5,238
대학로,비밀의 화원 시네마틱 혜화점,H.E.L.L.P,8.37,8,441
안산,꿈소풍 안산 2호점,시민상가 철거반,8.37,8,205
건대,머더파커 건대 1호점,여행,8.37,5,620
건대,넥스트에디션 건대 2호점,방탈출 아카데미 (Master 과정),8.36,8,302
강남,포인트나인 강남 2호점,HOMETOWN,8.36,6,530
강남,겟어웨이 방탈출,기억을 잃은 자들,8.33,0,9
강남,룸즈에이 강남점,테마 팩토리,8.33,7,530
인천,둠 이스케이프 1호점,기담정,8.33,6,593
광주,에스케이프,베타 테스터,8.32,6,280
홍대,티켓 투 이스케이프,해줘! 놈즈,8.32,4,128
잠실,머더파커 잠실 WOW점,파커랜드,8.32,4,295
홍대,싸인 이스케이프 홍대점,하이팜,8.31,6,656
수원,상상의문 수원점,복도끝,8.31,4,77
대학로,비밀의 화원 시네마틱 혜화점,딜레마,8.3,7,471
대구,황금열쇠 대구동성로 2호점 (더킹),냥탐정 셜록캣,8.3,5,212
대구,룸즈에이 동성로 아카데미점,명부에 점을 찍으라,8.29,4,219
홍대,이스케이퍼스 2호점,인생낚시,8.28,8,550
대구,셜록홈즈 대구동성로점,단잠,8.28,4,87
홍대,룸엘이스케이프 홍대 1호점,베니,8.28,3,525
강원,인스테이지 방탈출카페,감자의 꿈,8.27,7,55
강남,황금열쇠 강남점 (타임스퀘어),NOMON : THE ORDEAL,8.27,5,791
수원,룸즈에이 수원역점,필활,8.27,5,234
부산,머더파커 부산점,도굴왕,8.27,5,165
천안,셜록홈즈 천안 2호점,미즈몰리아와 수수께끼의 책,8.27,4,194
홍대,상상의문 홍대점,Didn't,8.26,10,376
천안,셜록홈즈 아산점,귀로여관,8.26,8,89
잠실,머더파커 잠실점,두목 이스케이프,8.26,7,405
강남,비트포비아 던전루나,3일,8.24,8,307
광주,상상의문 광주점,시크릿 왕국의 스캔들,8.24,5,71
강남,엑소더스 강남 1호점,WISH,8.23,6,124
대구,지구별 방탈출,사명 : 투쟁의 노래,8.22,8,283
대구,셜록홈즈 대구동성로점,랑슈 뷰티연구소,8.22,4,45
강남,싸인 이스케이프 강남점,EXPRESS,8.21,8,263
건대,이스케이프 # 건대점,옥순양갱,8.21,5,374
인천,서울 이스케이프 룸 부평점,죽음을 부르는 재즈바,8.2,8,142
홍대,지구별 방탈출 홍대어드벤처점,지난날을 잊었다,8.2,5,501
강남,에피소드 방탈출 강남점,귀문기담,8.2,5,536
대구,황금열쇠 대구점,가이아 기적의땅,8.2,3,320
대구,황금열쇠 대구점,타임스틸러,8.19,8,307
강남,황금열쇠 강남점 (타임스퀘어),섬 : 잊혀진 이야기,8.19,7,411
강남,도어 이스케이프 레드 신논현점,비,8.18,8,600
부천,버스티드,THE END,8.18,5,288
홍대,지구별 방탈출 홍대라스트시티점,스위티,8.18,2,362
수원,소우주,SPIN - OFF,8.17,5,308
건대,이스케이프 # 건대점,캠프ing,8.17,4,349
부산,비트포비아 서면 던전,날씨의 신,8.17,3,63
수원,메타이스케이프,무저갱 : 사라진 사람들,8.16,10,237
강남,포인트나인 강남 2호점,HOMECOMING,8.16,8,562
수원,메타이스케이프,아케이드 맨,8.16,8,236
강남,도어이스케이프 블루 신논현점,이방인,8.16,7,493
건대,솔버 2호점,디어 마르시,8.16,7,564
전주,비밀의 화원 전주점,담력학원,8.16,3,114
수원,메타이스케이프,에버드림,8.15,6,262
강남,이스케이프랩,이세계용사,8.14,6,632
인천,둠 이스케이프 2호점,인바이트,8.13,7,475
수원,골든타임 이스케이프,매화,8.13,7,355
대구,룸즈에이 동성로 아카데미점,슬기로운 지구생활,8.13,6,75
대구,황금열쇠 대구동성로 2호점 (더킹),지옥,8.13,4,214
수원,상상의문 수원점,직박구리:남친탐구생활,8.13,3,75
인천,둠 이스케이프 2호점,DESTINY(운명),8.11,7,565
부천,버스티드,그림도 찾아주나요?,8.11,4,285
대학로,비트포비아 대학로점,구룡 잠들지 않는 도시,8.09,8,446
홍대,이스케이퍼스 2호점,"만약, 당신이 길을 잃었다면",8.09,3,452
일산,스토리메이커스,n,8.08,8,156
대구,서울 이스케이프 룸 대구 동성로점,파킹랏,8.07,7,75
경기(기타),나비잠,트러블,8.07,2,166
건대,이스케이프 # 건대점,튜링테스트,8.06,10,284
홍대,미스터리 룸 이스케이프 홍대 2호점,SAW : 0KG,8.06,9,281
천안,마스터키 천안신부점,하루살이,8.06,8,232
대구,룸즈에이 동성로 아카데미점,평화로운 에이마트,8.06,5,98
신촌,티케이프,만수마을,8.05,6,611
강남,황금열쇠 강남점 (플라워로드),ANOTHER,8.05,5,526
대구,이스케이퍼스 대구점,끝까지 간다,8.04,9,161
홍대,키이스케이프 홍대점,홀리데이,8.04,6,739
잠실,마스터키 잠실점,이스케이프 플랜,8.03,8,332
인천,둠 이스케이프 2호점,죄,8.03,7,493
부산,플레이포인트랩 해운대블루오션스테이션점,문앞에두고벨눌러주세요,8,0,5
홍대,상상의문 홍대점,TITAN : 전쟁의경계,8,5,293
경기(기타),제로월드 김포점,인형괴담,7.99,5,276
홍대,해피앤딩,도넛살인사건,7.99,3,298
홍대,상상의문 홍대점,서울만 가면 된다,7.98,5,398
성남,상상의문 분당서현점,몽염 : 도망칠 수 없는 꿈,7.98,4,307
신촌,룸익스케이프 올리브점,오즈 : 익시드 드림,7.97,6,548
인천,어메이즈드 부평 2호점,REC,7.96,7,494
동탄,무비 이스케이프 동탄 남광장점,잊지못할하루,7.96,7,49
대구,지구별 방탈출,"너의 겨울은 가고, 봄은 온다",7.96,2,306
인천,마스터키 부평점,호스피스,7.95,6,129
건대,넥스트에디션 건대 2호점,"어제, 그리고 오늘",7.95,5,515
수원,상상의문 수원점,혼숨,7.95,5,56
건대,머더파커 건대 2호점,R003,7.94,9,373
홍대,비트포비아 홍대 던전,꿈의 공장,7.94,3,627
경기(기타),셜록홈즈 미사점,별별별 아카데미-별의 시험,7.93,6,58
전주,키이스케이프 전주점,월야애담,7.93,4,46
건대,솔버 2호점,이층 복도 끝 화장실,7.92,6,451
인천,서울 이스케이프 룸 부평점,알카트라즈 지하감옥,7.92,5,166
대구,룸즈에이 동성로 아카데미점,우당탕탕,7.92,4,65
광주,러시아워 방탈출 카페,하루끝,7.92,4,253
강남,도어 이스케이프 레드 신논현점,유전,7.91,10,508
광주,러시아워 로드맨션,우당탕탕 치즈탈환 대작전!,7.91,4,211
강남,이룸에이트,고령화사회,7.91,3,517
수원,소우주,방과후 추리반 EP1.여고생 살인사건,7.91,3,320
대구,서울 이스케이프 룸 대구 동성로점,팩토리,7.9,8,62
광주,러시아워 방탈출 카페,전생연분,7.88,7,281
홍대,지구별 방탈출 홍대어드벤처점,퀘스트 : 여정의 시작,7.88,4,511
부산,마스터키 부산서면점,집으로,7.88,2,78
강남,비밀의 화원 강남 리버타운점,후레쉬망고 호스텔,7.87,3,600
신촌,룸익스케이프 화이트점,대저택 레테 잠겨버린 출구,7.86,6,462
홍대,히든 스위치 홍대점,Audrey,7.86,4,555
광주,비밀의 화원 광주점,무고,7.84,7,58
전주,머더파커 전주 2호점,NEW 토니파커 숨겨진 과거,7.84,7,132
광주,러시아워 로드맨션,오드의 마법사,7.84,5,227
잠실,셜록홈즈 잠실 2호점,단잠,7.84,4,412
강남,제로월드 강남점,헐!,7.83,6,607
강남,비트포비아 강남 던전,마음을 그려드립니다,7.83,4,663
건대,이스케이프 # 건대점,미스터방,7.83,4,180
대구,룸즈에이 대구동성로점,뽀득뽀득,7.83,4,69
수원,소우주,도고,7.83,3,481
홍대,비밀의 숲,오버킬,7.81,8,363
인천,둠 이스케이프 1호점,Rendering,7.81,8,375
광주,상상의문 광주점,서울만 가면 된다,7.79,7,34
강남,도어이스케이프 강남 가든점,IMAGINE,7.79,4,265
광주,러시아워 로드맨션,듀얼,7.78,10,144
홍대,도어이스케이프 홍대점,신기루,7.78,7,214
홍대,티켓 투 이스케이프,로랑 옥스퍼드,7.78,3,135
홍대,비밀의 화원 홍대 미드나잇점,비밀의 가족,7.77,7,606
수원,골든타임 이스케이프,수곡리,7.77,6,323
잠실,머더파커 잠실 WOW점,G.A.S.A.,7.77,5,274
잠실,넥스트에디션 잠실점,락페스티벌,7.75,10,295
성남,넥스트에디션 분당서현점,평범한 하루,7.75,8,324
강남,테이블그라운드 강남점,회장님의 서재,7.75,2,71
잠실,마스터키 잠실점,블랙룸 : 쉽게 만들어진 방,7.74,10,263
강원,셜록홈즈 원주점,경성,7.73,0,11
안산,꿈소풍 안산 2호점,냥냥펀치,7.72,7,158
홍대,비밀의 화원 홍대 다운타운점,Promesa,7.72,6,394
강남,이룸에이트,스테이시,7.72,6,454
강남,도어이스케이프 강남 가든점,출동,7.72,3,468
건대,솔버 1호점,루시드 드림,7.72,3,622
건대,솔버 2호점,무채색 인간,7.7,8,374
홍대,비밀의 숲,드림레일,7.7,5,250
수원,룸즈에이 수원역2호점,슬기로운 지구생활,7.69,4,297
대전,셜록홈즈 대전 신세계백화점,무한의 던전,7.69,3,93
의정부,룸즈에이 의정부점,뽀득뽀득,7.68,5,28
부산,머더파커 부산점,잭(JACK),7.68,4,142
서울(기타),방탈출 미로,PINO,7.67,8,163
성남,제로월드 서현점,홈어웨이,7.67,5,131
홍대,히든 스위치 홍대점,MISSING,7.66,6,526
강원,셜록홈즈 원주점,시간관리국,7.65,0,17
신촌,더클루 신촌프리미엄점,호그와트 - 후플푸프,7.65,7,374
수원,메타이스케이프,투 제트,7.65,6,217
강남,키이스케이프 강남점,월야애담,7.65,3,547
신촌,마스터키 프라임 신촌퍼블릭점,그도... 그럴 것이다,7.64,6,388
강남,비밀의 화원 강남 리버타운점,만화 : 늦게 피어난 꽃,7.64,2,461
서울(기타),셜록홈즈 종각점,죽음의 신,7.63,9,188
홍대,싸인 이스케이프 홍대점,졸업,7.63,6,539
천안,마스터키 천안신부점,라퓨타,7.63,4,234
대전,마스터키 궁동점,화이트룸,7.62,0,21
홍대,비밀의 숲,BESTSELLER,7.62,7,124
경기(기타),시크릿도어 방탈출,기밀벙커 SECTOR 6,7.62,6,200
대구,황금열쇠 대구동성로 2호점 (더킹),PILGRIM,7.62,5,160
광주,숨바꼭질 1호점,꽃배,7.62,5,258
대구,지구별 방탈출,단디해라,7.62,3,334
강원,셜록홈즈 원주점,홍연,7.61,0,23
경기(기타),제로월드 김포점,탈옥 : 특별수용소,7.61,8,203
강남,비트포비아 강남 던전,LOST KINGDOM : 잊혀진 전설,7.6,5,634
강남,Studio ESC,검은마법사,7.58,6,130
수원,싸인 이스케이프 인계점,GATE : CCZ (episode 1),7.57,9,255
강남,플레이포인트랩 강남점,리허설,7.56,7,367
성남,넥스트에디션 분당서현점,몽중몽,7.56,6,383
강남,넥스트에디션 강남 5호점,그래도 피망은 먹기 싫단 말이에욧,7.56,5,587
일산,룸즈에이 일산웨스턴돔점,뽀득뽀득,7.56,5,86
잠실,제로월드 롯데월드점,아랑_굶주린이리,7.56,3,287
경기(기타),래빗온더문,의뢰인,7.55,9,190
건대,넥스트에디션 건대 2호점,동화나라 수비대,7.55,8,416
대구,셜록홈즈 대구동성로점,지프리트의 심장,7.55,7,47
강남,플레이포인트랩 강남점,STAFF ONLY,7.54,7,142
강남,키이스케이프 강남점,살랑살랑 연구소,7.54,2,522
경기(기타),제로월드 김포점,제로호텔,7.53,8,190
성남,상상의문 분당서현점,셔플월드,7.53,5,247
성남,상상의문 분당서현점,HERE I AM,7.53,3,255
홍대,이스케이퍼스 1호점,싸이코메트리,7.52,8,302
부산,머더파커 부산점,레디(Ready),7.52,4,123
대구,머더파커 대구점,파커vs파커,7.51,6,211
홍대,비트포비아 던전 101,LET'S PLAY,7.51,4,565
강남,도어이스케이프 강남 가든점,INSERT COIN,7.51,4,450
경기(기타),셜록홈즈 용인동백점,디핵스,7.5,0,4
부산,셜록홈즈 부산아트몰링점,우당탕 해결사무소,7.5,0,4
포항,룸즈에이 포항점,Secret Agent,7.5,0,20
홍대,비밀의 숲,어비스,7.5,7,406
안산,꿈소풍 안산 1호점,안산 코노,7.5,4,278
전주,비밀의 화원 전주점,달 : 기억의 조각,7.5,4,46
전라(기타),마스터키 익산점,이불 밖은 위험해,7.5,2,28
건대,넥스트에디션 건대 1호점,몬스터 : 10800,7.49,6,456
강남,룸즈에이 강남점,광야,7.48,7,482
잠실,넥스트에디션 잠실점,작은 악마들,7.48,5,296
강남,플레이더월드 강남점,이상한 나라로 출두요,7.48,4,303
천안,마스터키 천안신부점,터널,7.47,4,223
강남,플레이포인트랩 강남점,더맨,7.46,7,189
부산,다이아에그,레드룸,7.46,6,187
건대,넥스트에디션 건대 2호점,방탈출 아카데미 (Normal 과정),7.45,6,55
성남,제로월드 서현점,사계,7.45,5,104
신림,넥스트에디션 신림점,극,7.44,3,448
전주,키이스케이프 전주점,살랑살랑 연구소,7.44,3,45
대구,머더파커 대구 2호점,전국일이삼,7.43,8,202
건대,비밀의 화원 건대 포레스트점,아인모스,7.42,9,322
인천,마스터키 부평점,노 웨이 아웃,7.42,7,132
강남,스머프 매직 포레스트,파파스머프의 마법실험실,7.42,5,122
안산,리버스 이스케이프 안산점,귀촌:숨바꼭질,7.41,7,29
광주,숨바꼭질 1호점,무죄,7.41,7,234
강남,마스터키 프라임 강남점,ECHO - Beginning Dawn,7.41,6,456
건대,넥스트에디션 건대 2호점,커튼콜,7.4,4,502
신촌,룸익스케이프 올리브점,JUDGE : 정의 집행,7.4,4,260
강원,이스케이프 존 강원대점,제이콥,7.39,10,136
신림,룸엘이스케이프,악몽 (리뉴얼),7.39,9,330
건대,넥스트에디션 건대 2호점,방탈출 아카데미 (Hard 과정),7.39,8,113
신림,넥스트에디션 신림점,Tester,7.39,7,379
부산,마스터키 부산서면점,모모게임,7.39,5,213
성남,제로월드 서현점,폐쇄병동,7.37,0,19
의정부,룸즈에이 의정부점,낭랑카페,7.37,0,19
홍대,이스케이퍼스 1호점,라이브,7.37,8,337
수원,소우주,방과후 추리반 EP2. 여고생 실종사건,7.37,7,298
수원,골든타임 이스케이프,3318,7.37,3,308
노원,마스터키 노원점,통제구역,7.36,9,212
대구,서울 이스케이프 룸 대구 동성로점,엘레베이터,7.36,6,36
대구,룸즈에이 대구동성로 2호점,GRACE HOTEL,7.36,5,140
홍대,이스케이퍼스 2호점,멍스타그램,7.36,4,518
부산,서울 이스케이프 룸 서면점,죽음을 부르는 재즈바,7.35,8,51
신촌,룸익스케이프 화이트점,마카오 : 꼭두각시 광시곡,7.35,6,340
대구,이스케이퍼스 대구점,멍스타그램,7.35,3,34
전주,카오스 이스케이프 2호점,인피니티,7.34,10,124
홍대,머더파커 홍대 1호점,주마등,7.34,7,474
신촌,더클루 신촌프리미엄점,호그와트 - 레번클로,7.34,7,320
전주,머더파커 전주 1호점,일주(ONE WEEK),7.34,6,186
대학로,비밀의 화원 시네마틱 혜화점,달 : 기억의 조각,7.33,6,406
강남,이룸에이트,민초,7.33,4,328
건대,마스터키 건대 로데오점,팬텀,7.32,9,401
잠실,마스터키 잠실점,그리고 아무도 없었다,7.32,6,330
안산,꿈소풍 안산 2호점,말콤 앤 매리언 : 기프트 게임,7.29,8,164
광주,숨바꼭질 1호점,인연,7.29,4,229
강남,플레이더월드 강남점,조선피자몰,7.29,3,504
성남,셜록홈즈 서현점,Molaq : 성 밖 이야기,7.28,9,171
천안,리멤버 방탈출 천안점,미네타닉 : 사건의 진실,7.28,9,136
홍대,스피키지 방탈출,급X,7.27,6,339
부산,다이아에그,닥터 슈나벨,7.27,6,44
강남,도어이스케이프 강남 가든점,둘이라면,7.27,2,388
수원,엑스케이프 수원점,인지상점,7.25,0,20
안산,꿈소풍 안산 2호점,B612,7.25,8,151
대구,룸즈에이 대구동성로점,노블리스트,7.25,6,182
잠실,머더파커 잠실 WOW점,아틀라스(ATLAS),7.25,5,251
홍대,상상의문 홍대점,호러맨스,7.25,4,344
대전,코마 이스케이프 대전둔산점,THINKABLE,7.25,4,51
광주,비밀의 화원 광주점,새벽 베이커리,7.24,5,38
대학로,비밀의 화원 시네마틱 혜화점,도망자 여씨,7.24,4,290
홍대,비밀의 화원 홍대 미드나잇점,"기다려, 금방 갈게",7.23,4,301
대전,셜록홈즈 대전 신세계백화점,세번째밤,7.22,0,18
강원,셜록홈즈 원주점,추적,7.22,0,9
광주,러시아워 방탈출 카페,녀,7.22,4,250
광주,상상의문 광주점,영결식(靈結式),7.22,3,99
강남,마스터키 강남점,메르헨 수호대,7.21,7,511
광주,러시아워 로드맨션,지난날,7.21,7,77
안산,꿈소풍 안산 1호점,꿈꾸는 앨리스,7.21,3,228
홍대,비밀의 화원 홍대 미드나잇점,팩토리 엠,7.2,7,406
광주,상상의문 광주점,TITAN : 전쟁의경계,7.2,6,25
강남,에피소드 방탈출 강남점,메아리,7.19,4,333
건대,비밀의 화원 건대 포레스트점,미씽 스노우맨,7.19,3,342
신촌,위드방탈출,세번째밤,7.18,6,262
대구,룸즈에이 대구동성로점,반짝반짝,7.18,6,78
건대,넥스트에디션 건대 1호점,다시 봄,7.18,5,450
강남,미스터리 룸 이스케이프 강남점,인형괴담,7.17,4,451
안산,꿈소풍 안산 2호점,금GO,7.17,3,99
대구,머더파커 대구점,PC방 가는 길,7.16,7,206
건대,이스케이프 # 건대점,더 라스트 노트,7.16,6,269
서울(기타),셜록홈즈 서울대입구점,4,7.16,6,148
일산,룸즈에이 일산라페스타점,낭랑카페,7.16,3,51
경기(기타),나비잠,범계: 호랑이 계곡 (어드벤쳐),7.16,3,194
대전,셜록홈즈 대전 신세계백화점,죽음의 신,7.14,0,21
대전,코마 이스케이프 대전둔산점,Secret Agent,7.14,0,28
부산,셜록홈즈 부산아트몰링점,골드워쳐,7.14,0,14
부산,플레이포인트랩 해운대블루오션스테이션점,별의별,7.14,0,7
신촌,이스케이프시티 그랜드 시티 신촌점,연,7.14,8,271
안산,꿈소풍 안산 1호점,말콤 앤 매리언 : 언더커버 미션,7.13,9,235
동탄,마스터키 프라임 동탄점,인스톨,7.13,7,176
건대,비밀의 화원 건대 포레스트점,라스트 잡,7.13,6,265
홍대,이스케이퍼스 2호점,네모네모 마믈메는 무슨밀미 밌멌믈까?,7.13,5,556
홍대,해피앤딩,H.B.D : 해피버스데이,7.13,4,286
홍대,비트포비아 홍대 던전,날씨의 신,7.13,3,559
인천,둠 이스케이프 1호점,인앤아웃,7.12,7,231
수원,소우주,마지막 유산,7.12,7,434
대구,비밀의 화원 동성로점,대감댁 변씨,7.11,8,38
대구,이스케이퍼스 대구점,돈싱크,7.11,7,161
인천,크라임씬 방탈출,Fancy,7.11,5,57
경기(기타),룸즈에이 안양범계점,띵가띵가,7.11,2,71
건대,넥스트에디션 건대 2호점,Make-up,7.1,4,423
전주,머더파커 전주 1호점,내 이름 지배만,7.1,4,195
수원,룸즈에이 수원역점,우당탕탕,7.1,3,226
건대,넥스트에디션 건대 1호점,이불 밖은 위험해,7.08,2,553
광주,비밀의 화원 광주점,라스트 잡,7.07,6,29
인천,서울 이스케이프 룸 부평점,회장님의 서재,7.07,5,167
대학로,셜록홈즈 대학로점,혼 : 원혼의 저주,7.06,6,287
부산,서울 이스케이프 룸 서면점,알카트라즈 지하감옥,7.06,6,34
서울(기타),플레이더월드 문래동 창작촌점,우당냥냥 냥카페,7.06,1,90
강남,이룸에이트,아이엠유튜버,7.04,4,434
수원,룸즈에이 수원역점,띵가띵가,7.04,2,164
강남,룸즈에이 강남점,왕자님이 찾으십니다,7.02,7,453
신촌,더클루 신촌프리미엄점,호그와트 - 슬리데린,7.02,6,327
일산,룸즈에이 일산웨스턴돔점,Secret Agent,7.02,6,47
강남,제로월드 강남점,나비효과,7.01,4,498
포항,룸즈에이 포항점,너와 나의 이야기,7,0,20
광주,룸즈에이 광주수완점,히어로 아카데미,7,0,25
건대,마스터키 건대점,DELIVER,7,5,432
경기(기타),룸즈에이 안양범계점,뽀득뽀득,7,4,95
홍대,미스터리 룸 이스케이프 홍대 1호점,꼬치 진다,7,3,273
전주,키이스케이프 전주점,혜화 잡화점,6.99,5,151
홍대,비트포비아 홍대 던전,사라진 보물 : 대저택의 비밀,6.98,6,479
수원,룸즈에이 수원역2호점,귀빈 (손님 대접),6.98,5,243
인천,넥스트에디션 부평점,로렌시아,6.97,10,322
인천,리멤버 방탈출 부평점,옥탑방 신사,6.96,6,163
경기(기타),룸즈에이 안양범계점,커밍순,6.96,6,102
홍대,이스케이퍼스 1호점,RS ROOM NORMAL,6.96,4,230
대전,룸즈에이 대전은행점,낭랑카페,6.96,3,23
대구,머더파커 대구 2호점,사건의 재구성,6.95,6,190
강남,마스터키 강남점,이자카야 츠이오쿠,6.95,2,488
인천,서울 이스케이프 룸 부평점,404호 살인사건,6.93,7,187
수원,리멤버 방탈출 수원점,리멤버,6.93,4,202
안산,셜록홈즈 안산점(2023),방탈수난기,6.93,4,44
대전,코마 이스케이프 대전둔산점,7 DAYS,6.93,4,57
성남,상상의문 분당서현점,전당포 조필두,6.93,2,244
강남,마스터키 프라임 강남점,어웨이큰,6.91,9,333
광주,러시아워 방탈출 카페,미끼,6.91,8,202
전주,카오스 이스케이프 2호점,너의 곁으로,6.91,8,123
건대,마스터키 건대점,D-Day,6.91,6,398
부산,룸즈에이 부산남포점,Secret Agent,6.9,0,21
강원,셜록홈즈 원주점,Red&White,6.9,0,21
홍대,엑스케이프 홍대점,육식주의자,6.9,10,284
홍대,비밀의 숲,리플레이,6.9,6,163
대학로,룸즈에이 대학로점,Secret Agent,6.9,5,274
강남,마스터키 프라임 강남점,별의별,6.9,1,324
대전,코마 이스케이프 대전둔산점,뜻밖의 여행,6.89,4,61
광주,룸즈에이 광주상무점,전지적 작가 시점,6.89,4,53
부산,카타르시스 이스케이프,500 x 5,6.88,10,72
건대,머더파커 건대 1호점,우리 꼰대 진분홍,6.88,5,448
건대,이스케이프 # 건대점,철수네수퍼,6.88,5,335
대구,비밀의 화원 동성로점,안녕,6.88,4,40
대구,마스터키 동성로 2호점,OverTime,6.87,8,142
건대,머더파커 건대 2호점,동물병원,6.87,3,371
신림,룸엘이스케이프,트레져헌터,6.86,6,334
대구,룸즈에이 대구동성로 2호점,아이덴티티,6.86,6,161
부천,넥스트에디션 부천점,집으로,6.86,3,231
전주,머더파커 전주 1호점,머더파커 분노의 살인,6.86,3,159
부산,비밀의 화원 서면점,블라인드,6.85,7,100
대학로,상상의문 대학로점,경찰과 도둑 EP.2 (도둑 이야기) (리뉴얼),6.85,5,176
홍대,머더파커 홍대 1호점,구둣방손님,6.85,3,466
대구,룸즈에이 대구동성로 2호점,띵가띵가,6.85,3,84
건대,솔버 1호점,더 케이지,6.84,5,414
광주,미션 브레이크 광주 CGV,책 읽어주는 남자,6.83,0,30
홍대,비밀의 화원 홍대 미드나잇점,파리82,6.83,7,420
건대,솔버 1호점,콜드 케이스,6.83,4,431
대구,황금열쇠 대구점,X됐다,6.82,2,278
노원,셜록홈즈 노원점,지프리트의 심장,6.81,6,144
청주,마스터키 프라임 청주점,환생시험,6.81,6,105
광주,룸즈에이 광주상무점,GRACE HOTEL,6.81,5,47
강남,룸즈에이 강남점,집떡 묘선생,6.8,3,440
인천,코드케이 구월점,충무공 이순신,6.8,3,64
경기(기타),마스터키 안양일번가점,사랑과 전쟁,6.79,7,237
전주,머더파커 전주 3호점,김파커 끝없는 복수,6.79,6,165
전주,키이스케이프 전주점,산장 : 사라진 목격자,6.79,6,117
성남,제로월드 서현점,검은집,6.78,5,309
광주,상상의문 광주점,캐치캣,6.78,5,73
전주,머더파커 전주 2호점,목격자들,6.78,3,157
신촌,룸익스케이프 블랙점,에이전트 : 노출된 미션,6.77,8,280
수원,룸즈에이 수원역점,전지적 작가 시점,6.77,4,215
서울(기타),셜록홈즈 서울대입구점,괴담수집가,6.76,10,136
인천,마스터키 부평점,세이브 더 월드,6.76,4,128
대구,비밀의 화원 동성로점,비밀의 선물,6.76,3,34
의정부,룸즈에이 의정부점,Secret Agent,6.75,6,20
천안,마스터키 천안신부점,트러브메이커,6.75,3,197
건대,마스터키 건대 로데오점,뱀파이어 헌터,6.74,7,333
경상(기타),머더파커 양산점,언타이틀(Untitle),6.74,7,69
대구,이스케이퍼스 대구점,폰부스,6.74,4,141
홍대,디코더,Introverted Thief,6.73,7,362
안산,셜록홈즈 안산점(2023),낮밤,6.73,2,49
홍대,서울 이스케이프 룸 홍대 2호점,아마존의 잃어버린 도시,6.72,8,442
강남,비밀의 화원 강남 리버타운점,Z,6.72,6,282
천안,마스터키 천안신부점,코드명 : M.K.,6.72,5,186
동탄,무비 이스케이프 동탄 남광장점,코코,6.72,4,96
부산,마스터키 부산서면점,세이프티룸,6.71,8,164
홍대,마스터키 홍대상수점,레이더스,6.7,9,368
홍대,서울 이스케이프 룸 홍대 2호점,CIA본부에서의 탈출,6.7,8,364
건대,머더파커 건대 1호점,어은꿈이진루다,6.7,4,441
강남,비밀의 화원 강남 리버타운점,무고,6.68,7,422
신촌,Gate of the story,Drugun RED,6.68,5,107
인천,이스케이프탑 인천점,젠틀맨 : 요원의 자격(AR),6.67,0,9
인천,콜드 케이스 2호점,피라미드의 비밀,6.67,0,6
대전,브레인 게임존 카이스트 본점,Love Potion No.9,6.67,0,24
청주,셜록홈즈 청주점,무속인 살인사건,6.67,0,9
서울(기타),알카트래즈,프리즌이스케이프(리턴),6.67,7,45
광주,상상의문 광주점,호러맨스,6.67,5,24
건대,머더파커 건대 1호점,음대출신 김수학,6.65,8,407
수원,엑스케이프 수원점,501동 사람들,6.64,6,73
강남,넥스트에디션 강남 5호점,우리동네 김선의 金善醫,6.63,3,442
강남,제로월드 강남점,제로호텔L,6.62,7,463
동탄,무비 이스케이프 동탄 남광장점,설국열차,6.62,5,99
강남,제로월드 강남점,어느 겨울밤2,6.62,3,470
천안,셜록홈즈 아산점,노룸,6.62,1,77
성남,넥스트에디션 분당서현점,테마명을 뭐로할지 못정하겠어요ㅠㅠ,6.61,5,299
천안,셜록홈즈 천안 2호점,인생은 실전이다 종만아,6.61,4,152
경기(기타),셜록홈즈 미사점,셜록곰즈,6.61,3,59
대전,마스터키 궁동점,블랙룸,6.6,10,25
강남,엑스케이프 강남점,기억의 틈,6.6,7,344
강남,마스터키 강남점,히로인,6.6,4,458
건대,비밀의 화원 건대 포레스트점,새벽 베이커리,6.6,3,318
광주,룸즈에이 광주수완점,요정들의 술집,6.59,0,22
건대,넥스트에디션 건대 2호점,빛을 구해줘,6.57,5,392
잠실,넥스트에디션 잠실점,데.코.연.(데이트 코스 연구회),6.57,2,245
대학로,덤앤더머 대학로점,작전명: 옵저버,6.56,7,323
인천,셜록홈즈 부평점,펜타킬,6.55,6,87
대구,머더파커 대구점,백,6.55,5,193
경기(기타),셜록홈즈 미사점,요상한 저택의 비밀 다락방,6.55,4,55
홍대,디코더,Furious Revenge,6.54,6,338
강남,마스터키 강남점,도시괴담 Part.1 ‘The Day of Horror’,6.54,5,431
건대,머더파커 건대 2호점,이상한 하루,6.54,4,318
강남,코드케이 강남점,충무공 이순신,6.53,4,360
대학로,룸즈에이 대학로점,낭랑카페,6.53,2,219
일산,룸즈에이 일산라페스타점,행방불냥,6.52,1,46
경상(기타),머더파커 양산점,오씨네 장난감 가게,6.51,5,93
잠실,머더파커 잠실 WOW점,난 그저 여행만 했을 뿐인데..,6.51,4,251
부산,룸즈에이 부산남포점,낭랑카페,6.5,0,20
신촌,이스케이프시티 그랜드 시티 신촌점,신의 실수,6.5,8,237
인천,서울 이스케이프 룸 부평점,유러피안 스파이,6.5,6,137
동탄,마스터키 프라임 동탄점,페이소스,6.5,6,180
부산,룸즈에이 부산남포점,안개꽃,6.5,6,20
광주,룸즈에이 광주수완점,뽀득뽀득,6.5,5,30
전주,머더파커 전주 3호점,박마담의 비밀 클럽,6.5,5,157
건대,비밀의 화원 건대 포레스트점,스물아홉,6.5,4,284
부산,룸즈에이 부산서면점,너와 나의 이야기,6.5,3,117
홍대,비밀의 화원 홍대 다운타운점,"Day,trip",6.49,6,97
인천,넥스트에디션 부평점,Battleship Project,6.49,4,261
경기(기타),셜록홈즈 미사점,다이스,6.48,8,54
신촌,Gate of the story,Drugun BLUE,6.48,5,115
부천,셜록홈즈 부천점,빈집,6.48,4,44
경기(기타),래빗온더문,러브레터,6.48,3,166
서울(기타),미션 브레이크 용산 CGV,봉인의 탑: 마법사의 길,6.48,2,135
서울(기타),셜록홈즈 서울대입구점,201호202호,6.47,6,146
경기(기타),제로월드 김포점,어느 겨울밤,6.47,5,177
대전,코마 이스케이프 대전둔산점,신의 여인들,6.47,5,58
신촌,룸익스케이프 화이트점,23번째 실험연구 : 알비노,6.46,7,288
강남,마스터키 프라임 강남점,덫,6.46,5,390
서울(기타),알카트래즈,카르텔,6.46,4,41
대구,이스케이퍼스 대구점,서커스 : 동성극단의 사정,6.45,6,124
강남,마스터키 프라임 강남점,Do The G,6.45,4,391
서울(기타),이스케이프 #,주희 다방,6.45,3,310
강남,넥스트에디션 강남 3호점,첫만남,6.44,7,442
신촌,티케이프,헤르메스,6.44,7,236
강남,코드케이 강남점,미스터리 거울의 방,6.44,5,400
건대,머더파커 건대 1호점,꽁노리,6.44,3,465
평택,셜록홈즈 평택점,도둑들,6.43,0,7
경기(기타),셜록홈즈 구리점,무속인 살인사건,6.43,0,21
건대,엑스케이프 건대점,짜불성설,6.43,8,115
의정부,셜록홈즈 의정부점,노량진 고시생의 사랑-여자편,6.43,4,42
천안,리멤버 방탈출 천안점,삼원색,6.43,4,122
대학로,비밀의 화원 혜화점,슈퍼플레이어:PLAYER1,6.42,9,282
강남,넥스트에디션 강남 3호점,야근,6.42,4,455
수원,싸인 이스케이프 인계점,신비의 베이커리,6.42,4,268
부산,비밀의 화원 서면점,아뜰리에,6.42,4,74
건대,넥스트에디션 건대 1호점,B아파트 13동 1313호,6.42,3,393
천안,리멤버 방탈출 천안점,마음친구,6.42,3,130
경기(기타),제로월드 김포점,검은사원,6.41,7,199
인천,코드케이 구월점,미스터리 거울의 방,6.41,5,39
광주,룸즈에이 광주상무점,커밍순,6.41,5,32
전주,머더파커 전주 3호점,전당포 불편한 거래,6.41,5,160
성남,셜록홈즈 서현점,Below : 성 안 이야기,6.41,4,170
부산,카타르시스 이스케이프,똑똑! 계시나요?,6.41,3,85
서울(기타),패닉이스케이프 목동점,매직아카데미,6.4,8,43
홍대,덤앤더머 홍대점,휴가중,6.4,5,322
노원,셜록홈즈 노원점,황금 감옥 : 와캄,6.4,5,143
일산,룸즈에이 일산라페스타점,안개꽃,6.4,3,43
대학로,비밀의 화원 혜화점,비밀의 모험,6.39,8,284
대구,머더파커 대구점,8585세탁소,6.39,3,180
대전,도어이스케이프 NC대전유성점,GOOD NIGHT,6.39,2,72
전주,카오스 이스케이프 2호점,골드러시,6.38,8,112
신촌,티케이프,졸개 무운,6.38,5,390
창원,코드이스케이프 마산점,싱어게인,6.38,3,40
대구,머더파커 대구점,괴짜중딩 사차원,6.37,6,182
대구,룸즈에이 대구동성로 2호점,커밍순,6.37,5,91
대구,룸즈에이 대구동성로점,아이돌 남친,6.37,5,139
대구,비밀의 화원 동성로점,대대대대대대대대대탈출,6.37,5,157
대구,방탈출 브이 삼덕점,미드나잇 위스키,6.37,4,135
일산,더도어즈 이스케이프,나홀로 집에,6.37,3,139
경기(기타),마스터키 안양일번가점,데자뷰,6.37,3,227
천안,마스터키 천안신부점,패럿가이,6.37,3,182
부산,셜록홈즈 부산아트몰링점,오버드라이브,6.36,0,11
안산,셜록홈즈 안산점(2023),테스트,6.36,8,44
서울(기타),이스케이프 #,포춘테라피,6.36,5,273
서울(기타),더트랩 수유점,사립고 살인사건,6.35,4,215
강남,엑스케이프 강남점,수취인초대,6.34,7,317
강남,넥스트에디션 강남 3호점,크리쳐 - 신인류의 탄생,6.34,6,351
대전,도어이스케이프 NC대전유성점,산타의 민족,6.34,1,71
대전,셜록홈즈 대전 신세계백화점,지프리트의 심장,6.33,0,15
광주,룸즈에이 광주수완점,낭랑카페,6.33,0,15
광주,미션 브레이크 광주 CGV,봉인의 탑: 마법사의 길,6.33,0,15
강남,라스트 이스케이프,오감,6.33,5,301
신촌,룸익스케이프 블랙점,냥이점집,6.33,3,275
동탄,무비 이스케이프 동탄 남광장점,악마는 프라다를 입는다,6.31,5,61
경기(기타),제로월드 김포점,복희네 사진관,6.31,5,221
강남,세븐클루스 강남 2호점,죽음의 GP507 (renew),6.3,8,161
광주,숨바꼭질 1호점,손님,6.3,8,193
잠실,셜록홈즈 잠실 2호점,랑슈 뷰티연구소,6.3,4,266
잠실,셜록홈즈 잠실 2호점,퓨처리스트,6.29,8,236
부산,브레이크아웃 해운대점,오스왈드 지상 최대의 쇼,6.29,6,85
신촌,더클루 신촌프리미엄점,최대감댁 심부름꾼,6.29,4,225
천안,리멤버 방탈출 천안점,기억을 먹어치우는 책,6.29,3,132
대전,도어이스케이프 NC대전유성점,WOULD YOU FIND ME?,6.29,2,62
신촌,룸익스케이프 화이트점,비폴로 17호-우주로의 확장,6.28,3,273
부산,룸즈에이 부산서면점,프레임 하이커,6.27,9,142
건대,엑스크라임,운필귀정,6.27,6,181
대구,비밀의 화원 동성로점,리비도,6.27,5,59
신촌,위드방탈출,170cm즈음에,6.27,4,237
홍대,머더파커 홍대 1호점,밴드의 탄생,6.27,3,414
대구,룸즈에이 대구동성로점,취중진담,6.27,3,150
대구,머더파커 대구 2호점,도레미용실,6.27,3,165
광주,더코드 한신포차점,타짜,6.26,6,103
경기(기타),리버스 이스케이프,방탈출추리능력평가,6.25,0,16
경기(기타),셜록홈즈 용인동백점,뮤직팩토리,6.25,0,4
경기(기타),셜록홈즈 용인동백점,그레텔,6.25,0,4
경기(기타),셜록홈즈 용인동백점,The Goth: 마녀시험,6.25,0,4
창원,코드이스케이프 마산점,재즈 인 더 레인,6.25,0,16
전주,디코드 이스케이프 전주객사점,프로젝트 : 노아,6.25,0,8
인천,리멤버 방탈출 부평점,해리포터 마법사의 돌 1,6.25,5,152
홍대,이스케이퍼스 1호점,붉은머리연맹,6.24,8,295
홍대,스피키지 방탈출,1988,6.24,3,258
부산,카타르시스 이스케이프,왠지 출근하기 싫은날,6.23,7,61
강원,이스케이프 존 강원대점,방민정음,6.23,5,110
천안,리멤버 방탈출 천안점,형량,6.23,3,130
대전,마스터키 은행점,편지,6.22,2,94
대학로,덤앤더머 대학로점,글램핑,6.22,1,225
부산,브레이크아웃 해운대점,테슬라의 유산,6.21,8,58
노원,마스터키 노원점,일탈,6.21,5,211
안산,리버스 이스케이프 안산점,Vincent 2023,6.21,5,29
서울(기타),이스케이프 #,손 없는 날,6.2,5,308
광주,룸즈에이 광주상무점,이상한 돈가스,6.2,5,25
인천,넥스트에디션 부평점,SHIT,6.2,2,300
강남,이룸에이트,나의 계획은,6.19,5,324
경기(기타),제로월드 김포점,성역전설,6.19,4,177
의정부,룸즈에이 의정부점,반짝반짝,6.18,6,38
서울(기타),미션 브레이크 용산 CGV,시그널 2018,6.18,4,178
천안,마스터키 천안두정점,시크릿가든,6.18,2,127
안산,꿈소풍 안산 1호점,타로78,6.17,9,171
일산,더도어즈 이스케이프,위대하게 은밀하게,6.17,8,132
수원,리멤버 방탈출 수원점,호텔: 1408호,6.17,5,162
동탄,마스터키 프라임 동탄점,우가우가,6.17,5,171
일산,인사이드,괴도 루키,6.17,4,124
대구,방탈출 브이 공평점,XXX 클럽,6.17,4,120
부천,이스케이프시티 부천신중동점,부자가 될 상인가,6.16,6,138
신촌,룸익스케이프 화이트점,신비로운 호빗의 집,6.16,4,245
수원,싸인 이스케이프 인계점,트라이 위저드,6.16,3,190
의정부,셜록홈즈 의정부점,호텔 : 사라진 다이아몬드,6.15,8,48
대학로,셜록홈즈 대학로점,드림 인베이더,6.15,6,113
일산,룸즈에이 일산웨스턴돔점,이상한 돈가스,6.15,5,157
건대,비밀의 화원 건대 포레스트점,너의 성인식,6.15,4,244
광주,룸즈에이 광주상무점,이 소리 저만 들리나요?,6.15,3,91
대학로,비트포비아 대학로점,지금 만나러 갑니다,6.14,10,264
부산,룸즈에이 부산서면점,퍼펙트 플랜,6.14,10,127
서울(기타),미션 브레이크 용산 CGV,시그널 1989,6.14,6,189
의정부,룸즈에이 의정부점,이상한 돈가스,6.14,6,44
홍대,덤앤더머 홍대점,마리오네뜨,6.14,5,333
부산,룸즈에이 부산서면점,히어로 아카데미,6.14,4,70
잠실,마스터키 잠실점,더매치 : 마지막 전쟁,6.13,3,212
광주,룸즈에이 광주수완점,너와 나의 이야기,6.13,3,31
전주,머더파커 전주 2호점,인턴사원의 크리스마스 생존기,6.13,3,191
대전,도어이스케이프 NC대전유성점,도어항공 41C,6.13,1,71
신촌,Gate of the story,구슬탐험대,6.12,6,286
건대,마스터키 건대점,36.5 마온술사의 정원,6.12,4,339
평택,루트 이스케이프 평택점,트랩(TRAP),6.11,0,9
홍대,마스터키 홍대상수점,선물,6.11,6,321
안산,리버스 이스케이프 안산점,이젠 더 이상 필요없어!,6.11,5,27
홍대,덤앤더머 홍대점,오므라이스,6.11,3,312
강남,비밀의 화원 강남 리버타운점,브로커 나씨,6.11,3,265
부산,비트포비아 서면점,당감동 정육점,6.09,6,147
서울(기타),이스케이프 #,천사소녀 제티,6.08,4,287
천안,셜록홈즈 천안 2호점,TIED,6.08,4,134
전주,머더파커 전주 3호점,제임스 완벽한 도피,6.08,4,153
대학로,상상의문 대학로점,경찰과 도둑 EP.1 (경찰 이야기) (리뉴얼),6.08,3,194
서울(기타),이스케이프 #,판데믹,6.07,6,272
서울(기타),알카트래즈,스핑크스,6.07,5,42
동탄,셜록홈즈 동탄점,지옥의 배달부,6.07,4,28
광주,머더파커 광주점,머더파커 광주점의 비밀,6.07,4,140
광주,룸즈에이 광주상무점,띵가띵가,6.07,3,28
인천,리멤버 방탈출 부평점,해리포터와 마법사의 돌 2,6.06,7,151
광주,러시아워 방탈출 카페,빔 프로젝트,6.06,4,189
일산,룸즈에이 일산웨스턴돔점,타임키퍼,6.05,7,138
부산,덤앤더머 서면점,작전명: 옵저버,6.05,7,19
강남,에피소드 방탈출 강남점,D,6.05,6,287
대학로,룸즈에이 대학로점,Gain Time,6.05,6,229
성남,제로월드 서현점,해리포터의 모험: 마법모자의 위기,6.05,5,86
건대,엑스크라임,청림맨션,6.05,4,233
신촌,룸익스케이프 블랙점,어느 구두쇠의 전시회장,6.05,4,244
대구,셜록홈즈 대구동성로점,황금 감옥 : 와캄,6.05,3,38
광주,룸즈에이 광주상무점,멍사탕,6.05,3,95
홍대,마스터키 홍대점,연애조작단,6.05,1,267
창원,타임 이스케이프,학교<야자탈출>,6.04,6,72
홍대,서울 이스케이프 룸 홍대 2호점,베니스 상인의 저주받은 저택,6.04,5,342
광주,룸즈에이 광주수완점,Secret Agent,6.04,5,24
서울(기타),더트랩 수유점,그녀를 만나기 1시간 전,6.04,2,202
경기(기타),두잇 이스케이프 2호점,해커 : 코드네임 브레이커,6.03,9,73
건대,마스터키 건대 로데오점,선고,6.03,3,243
신림,넥스트에디션 신림점,씨프?? XX!!,6.02,6,337
강남,넥스트에디션 강남 3호점,안녕하세요? 무엇을 도와드릴까요?,6.02,5,384
전주,머더파커 전주 3호점,박엠마 엄마의 향기,6.02,5,157
일산,더도어즈 이스케이프,영웅을 찾아서,6.02,4,128
경상(기타),머더파커 양산점,머더파커 분노의 살인,6.02,4,49
건대,엑스크라임,베다바리,6.01,7,232
서울(기타),이스케이프시티 성신여대점,시험지 유출사건,6.01,6,138
홍대,덤앤더머 홍대점,소공녀,6.01,3,288
부산,마스터키 부산서면점,칼퇴,6.01,3,168
의정부,룸즈에이 의정부점,안개꽃,6,0,25
평택,셜록홈즈 평택점,혼 : 원혼의 저주,6,0,10
대전,코마 이스케이프 대전둔산점,귀빈 (손님 대접),6,0,15
제주,더코드 서귀포점,다시 시작된 살인사건,6,0,10
인천,크라임씬 방탈출,EILLE,6,7,60
일산,룸즈에이 일산웨스턴돔점,반짝반짝,6,6,130
광주,룸즈에이 광주상무점,뜻밖의 여행,6,4,30
신촌,더클루 신촌프리미엄점,뜻밖의 하루,6,3,224
광주,브레인 방탈출,썸,6,3,25
인천,넥스트에디션 부평점,Soulless,6,2,280
부산,게임오브 마인드 서면점,미치광이 의사,5.99,7,121
부산,브레이크아웃 해운대점,테라포밍,5.99,7,81
강원,플레이 이스케이프 원주점,금잔화,5.99,7,81
부산,비밀의 화원 서면점,비밀의 화원,5.99,5,81
홍대,이스케이퍼스 1호점,서커스,5.98,3,302
경기(기타),마스터키 안양일번가점,운수 좋은 날,5.98,3,204
신촌,마스터키 프라임 신촌퍼블릭점,인투더와일드,5.98,2,290
천안,셜록홈즈 아산점,말못해,5.97,6,77
강남,마스터키 강남점,토끼와 거북이,5.97,2,393
인천,넥스트에디션 부평점,이상,5.96,5,265
청주,마스터키 프라임 청주점,샵보이스,5.96,4,26
대구,방탈출 브이 공평점,몽환의 숲,5.96,4,115
대구,방탈출 브이 공평점,썬 오브 비치,5.96,4,114
광주,룸즈에이 광주수완점,방과 후,5.96,4,73
건대,넥스트에디션 건대 1호점,썸,5.96,3,282
일산,룸즈에이 일산라페스타점,히어로 아카데미,5.96,3,94
천안,마스터키 천안두정점,화이트룸-클래식,5.95,9,37
천안,셜록홈즈 아산점,대마법사 오셀로,5.95,7,42
수원,싸인 이스케이프 인계점,악은 어디에나 존재한다,5.95,5,211
대구,방탈출 브이 공평점,하나보살,5.95,5,121
서울(기타),셜록홈즈 서울대입구점,무인도,5.95,4,147
천안,셜록홈즈 천안 2호점,던전 : 비밀의문,5.95,4,121
부산,G9 이스케이프,건축무한육면각체 : 숨겨진 비밀,5.95,4,63
대전,셜록홈즈 대전 신세계백화점,피플인사이드,5.95,2,84
강남,라스트 이스케이프,비서,5.94,6,256
수원,리멤버 방탈출 수원점,해리포터 맨드레이크의 비밀,5.94,3,149
부산,미션 이스케이프 부산대점,비밀프로젝트 - 1급기밀 코드넘버 b901,5.93,8,27
잠실,넥스트에디션 잠실점,카페라떼,5.93,4,268
대학로,비트포비아 대학로점,이런 변이 있나,5.93,3,301
신림,룸엘이스케이프,아빠.. 어디가?,5.93,3,291
강남,이룸에이트,죽지않아,5.92,3,287
건대,비밀의 화원 건대점,안녕,5.92,3,267
제주,더코드 서귀포점,세기의 명화를 훔치는 도둑들,5.91,0,11
대구,비밀의 화원 동성로점,향수 2019,5.91,8,44
의정부,룸즈에이 의정부점,타임키퍼,5.91,7,44
서울(기타),셜록홈즈 종각점,숙제,5.91,4,176
부산,키이스케이프 덕천점,난쟁이의 장난,5.91,4,44
대구,방탈출 브이 삼덕점,퍽 댓 쉿,5.91,4,127
광주,셜록홈즈 광주점,나랏말싸미,5.91,2,77
대구,이스케이퍼스 대구점,웰컴 투 캔디샵,5.9,4,133
광주,머더파커 광주점,파커투,5.9,2,134
인천,코드케이 구월점,납치,5.88,0,34
대구,트랩코리아 대구월성점,고대 이집트,5.88,8,57
일산,더도어즈 이스케이프,향수,5.88,7,142
전주,카오스 이스케이프 2호점,작전명 쉐도우,5.88,7,102
부천,넥스트에디션 부천점,진시황,5.88,5,249
경상(기타),머더파커 양산점,엘리스 사라진 아이,5.87,4,86
서울(기타),이스케이프시티 영등포점,카지노의 전설,5.86,7,157
건대,엑스케이프 건대점,숨바꼭질,5.86,6,185
대학로,비밀의 화원 혜화점,대감댁 변씨,5.86,6,244
대구,룸즈에이 대구동성로 2호점,여우골,5.86,6,145
전라(기타),마스터키 익산점,온칼로 : 10만년의 밤,5.86,5,29
대구,마스터키 동성로 2호점,필라멘트,5.86,3,93
인천,코드케이 구월점,감옥탈출,5.86,2,35
대전,마스터키 궁동점,재심,5.85,4,88
일산,더도어즈 이스케이프,광호반점,5.85,3,129
신림,넥스트에디션 신림점,옛날옛날에,5.85,1,323
인천,이스케이프탑 인천점,마법사 : 미로의 방(AR),5.83,0,6
의정부,룸즈에이 의정부점,Gain Time,5.83,0,18
경기(기타),레전드 이스케이프 이천점,혼 : 원혼의 저주,5.83,0,6
경기(기타),셜록홈즈 구리점,미녀와 야수,5.83,0,6
경기(기타),셜록홈즈 구리점,호텔 : 사라진 다이아몬드,5.83,0,12
창원,코드이스케이프 마산점,프리즌 브레이크 2,5.83,0,12
인천,리멤버 방탈출 부평점,호텔 : 기억조각,5.83,6,66
수원,루트 이스케이프 수원점,나를 찾아줘,5.83,6,24
건대,엑스케이프 건대점,501동 사람들,5.83,5,157
경상(기타),머더파커 양산점,유코사스미 치밀한 복수,5.83,4,84
건대,비밀의 화원 건대점,우리의 전 사랑,5.83,3,206
대전,도어이스케이프 NC대전유성점,서커스 : THE CLEANING MAN,5.83,1,66
부산,게임오브 마인드 서면점,생명의 서,5.82,8,91
천안,셜록홈즈 천안 1호점,찰리와 늠름한(?) 바나나 공장,5.82,5,110
신림,넥스트에디션 신림점,LOVER,5.82,4,337
서울(기타),큐브 이스케이프 수유점,The Cube,5.82,4,110
대전,도어이스케이프 NC대전유성점,나는 아직도 배고프G,5.82,1,73
강남,라스트 이스케이프,알카트라즈,5.81,6,242
대전,룸즈에이 대전은행점,히어로 아카데미,5.81,5,37
대학로,룸즈에이 대학로점,행방불냥,5.81,1,221
부산,브레이크아웃 해운대점,렘브란트를 위하여,5.8,6,56
성남,레전드 이스케이프 서현점,제발 살아있으라,5.8,4,138
부천,넥스트에디션 부천점,주르륵주르륵,5.8,4,199
대전,마스터키 은행점,대탈출2,5.79,5,57
홍대,덤앤더머 홍대점,Knock Knock,5.79,3,296
잠실,마스터키 잠실점,샵보이스,5.79,3,229
노원,마스터키 노원점,타임크랙 (TIME CRACK),5.79,3,197
동탄,무비 이스케이프 동탄점,몬스터 하우스,5.78,6,90
대학로,비트포비아 대학로점,이일호씨,5.78,3,289
안산,도어 이스케이프 안산점,빠삐용,5.78,3,32
부산,게임오브 마인드 서면점,어둠의 마법,5.77,7,98
전주,카오스 이스케이프 2호점,협곡의 메아리,5.77,6,110
홍대,마스터키 홍대상수점,어느 가을날,5.77,3,267
광주,미션 브레이크 광주 CGV,탐정훈련소,5.77,3,52
광주,비밀의 화원 광주점,스토커,5.77,2,26
홍대,마스터키 홍대상수점,도시괴담 Part.2 The Abandoned Office,5.76,8,309
서울(기타),이스케이프시티 영등포점,SPY,5.76,6,158
대구,트랩코리아 대구월성점,중세시대,5.76,5,59
대구,트랩코리아 대구월성점,아마겟돈,5.75,9,60
천안,셜록홈즈 천안 1호점,호텔 : 사라진 다이아몬드,5.75,6,40
잠실,마스터키 잠실점,어게인,5.75,4,234
서울(기타),미션 브레이크 용산 CGV,신서유기 : 용볼 회수 대작전,5.75,4,133
서울(기타),큐브 이스케이프 수유점,Treasure Hunters ④ : 골든아이,5.75,4,147
강남,코드케이 강남점,납치,5.75,3,206
건대,비밀의 화원 건대점,비밀의 선물,5.75,2,199
대전,셜록홈즈 대전 신세계백화점,언더월드,5.75,2,87
서울(기타),도어 이스케이프 이수점,S.O.S 정글,5.74,4,155
평택,마스터키 평택점,집으로,5.74,2,27
서울(기타),알카트래즈,미저리,5.73,5,41
인천,둠 이스케이프 1호점,대저택의 비밀,5.73,4,150
부천,이스케이프시티 부천신중동점,바람 바람 바람,5.73,4,124
강남,넥스트에디션 강남 3호점,마지막 일주,5.73,3,316
성남,제로월드 서현점,피노키오 대탈출,5.73,3,75
강남,엑스케이프 강남점,제3표류도,5.72,9,200
경기(기타),마스터키 안양일번가점,레드럼,5.72,7,167
신촌,룸익스케이프 블랙점,트레져쉽 : 신화 속의 존재,5.72,5,237
대구,마스터키 동성로 2호점,가위,5.72,3,111
평택,셜록홈즈 평택점,미녀와 야수,5.71,0,7
서울(기타),코드이스케이프 가로수길점,아는 사이,5.71,6,168
천안,마스터키 천안두정점,스카이넷,5.71,6,113
부산,키이스케이프 덕천점,신비의 숲-고대 마법의 비밀,5.71,5,56
강남,넥스트에디션 강남 5호점,BANK RUPT,5.71,4,361
대구,비밀의 화원 동성로점,영웅을 찾아서,5.71,4,35
천안,리멤버 방탈출 천안점,회무 : 회색 안개의 끝,5.71,2,119
부산,미션 이스케이프 부산대점,영재는 못말려 - 개나리반 이야기,5.71,2,28
서울(기타),코드이스케이프 가로수길점,ㄱ찻집,5.7,5,172
건대,넥스트에디션 건대 1호점,SOUL CHASER - 실종,5.7,4,150
경기(기타),마스터키 안양일번가점,우주대미남,5.7,4,206
의정부,셜록홈즈 의정부점,프로젝트 : 노아,5.69,8,29
의정부,셜록홈즈 의정부점,빛과 그림자 : 화이트의 죽음2,5.69,7,29
서울(기타),도어 이스케이프 이수점,빠삐용,5.69,4,131
부천,넥스트에디션 부천점,쌩얼,5.69,2,182
서울(기타),더트랩 수유점,DREAM FACTORY,5.69,1,195
강남,넥스트에디션 강남 5호점,SOS,5.68,8,402
울산,트랩코리아 울산점,중세시대,5.68,4,22
서울(기타),더트랩 수유점,D-Therapy,5.68,2,206
부산,룸즈에이 부산서면점,요정들의 술집,5.68,2,59
광주,셜록홈즈 광주점,호텔 : 사라진 다이아몬드,5.67,0,15
대전,더큐 이스케이프 대전점,스페이스 워페어,5.67,6,30
수원,리멤버 방탈출 수원점,벨BELL : 사소한 사실들,5.67,3,150
일산,더도어즈 이스케이프,후아유,5.67,3,126
서울(기타),미션 브레이크 용산 CGV,신서유기 : 신묘한 실종사건,5.67,2,134
인천,셜록홈즈 인천구월점,던전을 부탁해,5.66,7,38
부천,이스케이프시티 부천신중동점,추억의 전당포,5.66,7,121
대학로,룸즈에이 대학로점,안개꽃,5.65,5,208
부산,브레이크아웃 해운대점,호쿠스 1-마술사의 방,5.65,5,23
부산,비트포비아 서면점,지하터널-2H,5.65,5,92
홍대,덤앤더머 홍대점,버킷리스트,5.65,4,293
경기(기타),리버스 이스케이프,화원 살인사건,5.65,4,23
대전,룸즈에이 대전은행점,안개꽃,5.65,4,23
수원,싸인 이스케이프 인계점,자파,5.64,3,156
동탄,셜록홈즈 동탄점,거짓말,5.63,3,103
동탄,마스터키 프라임 동탄점,종이왕국,5.63,2,158
부산,큐방탈출카페 서면점,밀정,5.62,0,8
경상(기타),셜록홈즈 구미점,반하셨군요?,5.62,0,16
부산,덤앤더머 서면점,기담,5.62,6,32
홍대,덤앤더머 홍대점,기담,5.62,4,284
서울(기타),방탈출 미로,연 : 그날의 기억 (야외방탈출),5.61,7,90
광주,비밀의 화원 광주점,리비도,5.61,5,41
홍대,마스터키 홍대상수점,흥보와 놀보,5.61,3,263
성남,넥스트에디션 분당서현점,너에게 가는 길,5.61,3,205
전주,카오스 이스케이프 2호점,히어로,5.6,4,100
전주,마스터키 전주고사점,13여고괴담,5.6,2,25
건대,마스터키 건대 로데오점,사악한 악마와 달콤한 공장,5.6,1,217
의정부,트릭 이스케이프,마피아,5.59,7,118
동탄,셜록홈즈 동탄점,귀신이 산다,5.59,6,102
대구,방탈출 브이 삼덕점,호호랜드,5.59,6,119
부산,룸즈에이 부산서면점,아직 버리지못한 지갑,5.59,4,119
천안,마스터키 천안두정점,경찰서를 털어라,5.59,2,94
전라(기타),마스터키 익산점,경찰서를 털어라,5.59,2,34
광주,비밀의 화원 광주점,Love Blossom,5.59,1,51
인천,셜록홈즈 부평점,나쁜놈 나쁜놈 나쁜놈,5.58,6,103
대구,트랩코리아 대구월성점,비밀의 무덤,5.58,6,60
청주,마스터키 프라임 청주점,이상한 나라,5.58,5,86
홍대,마스터키 홍대상수점,기억연구소,5.58,3,276
강남,비밀의 화원 강남 리버타운점,스토커,5.58,3,286
수원,루트 이스케이프 수원점,TREASURE ( 트레저 ),5.57,5,35
광주,룸즈에이 광주상무점,아이돌 남친,5.57,5,44
광주,미션 브레이크 광주 CGV,당감동 정육점,5.57,4,35
대학로,비밀의 화원 혜화점,나이스,5.57,3,238
부산,키이스케이프 덕천점,파파라치,5.57,3,53
서울(기타),더트랩 수유점,박물관을 털어라,5.57,2,202
울산,제트방탈출카페,삐에로,5.56,0,9
제주,더코드 서귀포점,위자 보드 : 위험한 장난,5.56,0,9
경기(기타),두잇 이스케이프 1호점,방탈소년단,5.56,7,71
울산,트랩코리아 울산점,아마겟돈,5.56,7,18
창원,코드이스케이프 마산점,상속자,5.56,7,45
부산,미션 이스케이프 부산대점,타짜 - 마지막 게임,5.56,6,27
평택,셜록홈즈 평택점,지옥의 배달부,5.56,4,18
부산,브레이크아웃 해운대점,폴아웃 프로젝트,5.56,3,72
홍대,미스터리 룸 이스케이프 홍대 2호점,쇼생크 탈출,5.55,5,173
강남,코드케이 강남점,저주받은 산장,5.55,4,191
경기(기타),제로월드 김포점,해리포터의 모험: 마법모자의 위기,5.55,3,100
평택,루트 이스케이프 평택점,루2지,5.55,2,55
경기(기타),두잇 이스케이프 2호점,비밀 갤러리,5.54,5,74
인천,코드케이 구월점,좀비 90일 후,5.54,4,28
부천,코드네임,첫번째 임무,5.53,8,95
서울(기타),도어 이스케이프 이수점,검은조직,5.53,5,141
대학로,비밀의 화원 혜화점,혜화애,5.53,4,104
광주,더코드 한신포차점,경찰서를 털어라,5.52,6,96
대전,마스터키 궁동점,MSI 미제사건 전담반,5.52,4,48
동탄,무비 이스케이프 동탄점,찰리와 초콜릿 공장,5.51,8,118
의정부,트릭 이스케이프,미스테리 연구소,5.51,7,117
창원,타임 이스케이프,극한탈출,5.51,7,69
경상(기타),더코드 경주점,몽타주 : 강력1반 #2,5.51,6,39
대전,마스터키 궁동점,MK빌딩을털어라:45C6,5.51,5,89
대학로,덤앤더머 대학로점,투 앨리스,5.51,4,225
안산,셜록홈즈 안산점(2023),고잔로108,5.51,4,39
서울(기타),이스케이프시티 영등포점,다시 만날 수 있을까,5.51,3,146
경상(기타),더코드 경주점,최부장의 비밀,5.51,2,39
경상(기타),셜록홈즈 구미점,위험한 레시피,5.5,0,10
제주,셜록홈즈 제주시청점,학교괴담 태훈이의 죽음,5.5,0,10
청주,다락방 방탈출 카페,HOTEL 기억조각,5.5,4,30
부산,게임오브 마인드 서면점,위험한 마법사,5.49,7,82
경상(기타),더코드 경주점,박물관 : 도둑들 #3,5.49,7,41
경기(기타),제로월드 김포점,피아노,5.49,4,143
부산,비트포비아 서면점,고시원 살인사건,5.49,3,112
노원,마스터키 노원점,이모션 (EMOTION),5.49,2,192
성남,셜록홈즈 서현점,대영어시대 : Age of English,5.48,6,136
홍대,엑스케이프 홍대점,더 다이스 룸,5.48,5,167
경기(기타),셜록홈즈 뉴안양점,중고로운 평화나라,5.48,5,52
성남,에피소드 방탈출 분당점,럭키가이,5.48,4,147
홍대,마스터키 홍대점,B미술학원 13호실,5.48,3,320
광주,브레인 방탈출,SHIT,5.48,2,31
경기(기타),셜록홈즈 뉴안양점,파란지붕집,5.47,5,53
광주,브레인 방탈출,블랙리스트,5.47,4,95
신촌,탐정크루 신촌 2호점,초코의 왕,5.47,3,193
서울(기타),코드이스케이프 가로수길점,재즈 인 더 레인,5.46,8,163
인천,리멤버 방탈출 부평점,REDEVIL,5.46,5,130
광주,머더파커 광주점,선물,5.46,3,130
울산,제트방탈출카페,캣츠 앤 도그,5.45,0,11
제주,더코드 서귀포점,재즈바 W : 위험한 거래,5.45,0,11
강남,라스트 이스케이프,클럽레벨스,5.45,5,245
성남,에피소드 방탈출 분당점,소녀괴담,5.45,3,145
홍대,엑스케이프 홍대점,그 남자 그 여자,5.44,5,160
서울(기타),셜록홈즈 영등포점,도둑들,5.44,5,34
건대,마스터키 건대 로데오점,찰리,5.44,4,217
건대,엑스케이프 건대점,이도공간,5.44,4,203
대전,마스터키 은행점,그레이트월,5.44,4,90
청주,다락방 방탈출 카페,야수의 성 (벨 이야기),5.43,0,23
창원,타임 이스케이프,7번방의 비밀2 (프리즌),5.43,8,70
광주,브레인 방탈출,루머,5.43,7,92
부산,서울 이스케이프 룸 서면점,유러피안 스파이,5.43,6,23
신촌,더클루 신촌프리미엄점,토이팩토리,5.43,5,174
울산,트랩코리아 울산점,비밀의 무덤,5.43,4,23
광주,브레인 방탈출,슈퍼빌런,5.43,3,94
대전,큐브 이스케이프 대전점,신데렐라,5.42,0,12
부산,다이아에그,신입사원,5.42,0,12
부산,룸즈에이 부산남포점,행방불냥,5.42,0,12
부산,미션 이스케이프 부산대점,신입사원 - 업무일지의 비밀,5.42,0,24
전주,디코드 이스케이프 전주객사점,보헤미아 왕국의 스캔들,5.42,0,12
수원,엑스케이프 수원점,숨바꼭질,5.42,7,36
강남,코드케이 강남점,기술자들,5.42,6,238
청주,루팡 이스케이프 1호점,방탈출의 신,5.42,4,71
부산,덤앤더머 서면점,소공녀,5.42,3,24
홍대,브레이크아웃 이스케이프 홍대점,서리브럼,5.41,9,157
노원,더메이즈 노원점,더 바틀샵,5.41,4,148
광주,머더파커 광주점,한림축산,5.41,2,123
부산,G9 이스케이프,메이즈 헌터,5.4,5,63
대학로,비밀의 화원 혜화점,엑스튜브,5.39,7,218
서울(기타),이스케이프시티 성신여대점,비밀결사대,5.39,7,127
인천,둠 이스케이프 1호점,THE TERROR,5.39,4,141
부산,플레이포인트랩 해운대블루오션스테이션점,리허설,5.38,0,13
대구,마스터키 동성로 2호점,젊은날,5.38,5,118
대전,방탈출 추리존,할머니는 마법사,5.37,5,27
대구,방탈출 브이 삼덕점,퍼니 게임,5.37,5,122
대전,마스터키 은행점,1990,5.37,4,81
경기(기타),제로월드 김포점,피노키오 대탈출,5.37,3,94
부산,덤앤더머 서면점,글램핑,5.36,0,14
부산,큐방탈출카페 서면점,Z월드,5.36,0,14
수원,방탈출 넘버원 수원점,리포트,5.35,7,115
제주,더메이즈 제주점,이도 와이너리,5.35,5,71
일산,할리갈리 인더룸 시즌2,학교 분신사바,5.34,6,29
대구,방탈출 브이 삼덕점,장미맨숀,5.34,4,119
강남,코드케이 강남점,얼어붙은 물의 신전,5.34,3,204
광주,미션 브레이크 광주 CGV,시간 거래소,5.34,2,44
수원,엑스케이프 수원점,기묘한 날개짓,5.33,5,46
홍대,리얼이스케이프 첼린지,큐피드 : 러브 첼린지,5.33,4,153
대구,방탈출 브이 삼덕점,삼덕반점,5.32,5,125
평택,마스터키 평택점,MSI 미제사건 전담반,5.32,4,62
부산,비밀의 화원 서면점,컬러즈,5.32,3,63
대전,방탈출 추리존,미대교수의 비밀,5.31,0,16
신촌,방탈출 ESC,쏘우,5.31,6,114
홍대,마스터키 홍대점,온칼로 : 10만년의 밤,5.31,5,240
평택,마스터키 평택점,시간전당포,5.3,7,99
대학로,셜록홈즈 대학로점,위험한 레시피,5.3,5,50
포항,더와이 방탈출카페,안티 사이언스,5.3,4,50
홍대,엑스케이프 홍대점,고요의 기지,5.3,2,150
광주,미션 브레이크 광주 CGV,시그널 2018,5.29,0,17
성남,레전드 이스케이프 서현점,sign,5.29,9,122
홍대,미스터리 룸 이스케이프 홍대 2호점,스파이게임 1945,5.29,5,155
대학로,덤앤더머 대학로점,크라임시티,5.29,5,204
경상(기타),더코드 경주점,도박꾼 : 마지막 베팅,5.28,0,18
강원,플레이 이스케이프 원주점,러브스토리 S2,5.28,9,71
강남,코드케이 강남점,좀비 90일 후,5.28,5,194
수원,방탈출 넘버원 수원점,골드 마인,5.28,5,108
인천,콜드 케이스 2호점,바티칸,5.26,0,19
부산,덤앤더머 서면점,휴가중,5.26,0,19
서울(기타),방탈출 미로,무속인 살인사건,5.26,7,19
전주,키이스케이프 전주점,난쟁이의 장난,5.26,5,76
의정부,트릭 이스케이프,감옥탈출,5.26,4,116
신촌,방탈출 ESC,해리포터,5.24,10,147
건대,비밀의 화원 건대점,우끼끼,5.24,6,211
성남,넥스트에디션 분당서현점,짠해,5.24,5,212
부산,덤앤더머 서면점,Knock Knock,5.23,0,22
천안,ESC 천안점,Escape Plan 2,5.23,8,64
강원,이스케이프 존 강원대점,프리즈너스,5.23,7,128
대구,방탈출 브이 공평점,"너의 구멍, 나의 구멍.",5.23,4,108
강원,이스케이프 존 강원대점,바라보다,5.23,4,107
강남,코드케이 강남점,테러리스트,5.23,3,172
광주,머더파커 광주점,포수 장덕팔,5.23,3,128
성남,레전드 이스케이프 서현점,두근두근 : 우리 사랑할래요?,5.22,5,112
건대,더메이즈 건대점,(나쁜) 아기돼지 삼형제,5.22,4,203
대학로,덤앤더머 대학로점,푸른수염,5.22,4,227
강남,코드케이 강남점,셜록홈즈 : 살인누명,5.21,5,144
부산,비트포비아 서면점,엘도라도,5.21,5,95
강남,코드케이 강남점,도둑들,5.21,3,170
성남,에피소드 방탈출 분당점,파파라치,5.21,3,144
의정부,셜록홈즈 의정부점,미녀와 야수,5.21,2,24
부산,브레이크아웃 해운대점,수상한 한의원,5.2,8,25
부산,브레이크아웃 해운대점,우체국 살인사건,5.2,8,76
홍대,브레이크아웃 이스케이프 홍대점,호쿠스 2-비밀의 방,5.2,5,122
서울(기타),이스케이프시티 성신여대점,킬러vs,5.2,3,124
부천,이스케이프9,숨겨진 흔적,5.19,5,108
동탄,무비 이스케이프 동탄점,나홀로 집에,5.19,5,107
대학로,덤앤더머 대학로점,러브클리닉,5.19,3,208
부산,미션 이스케이프 부산대점,변호사 업무일지 - 의뢰인 A 살인사건,5.19,3,27
건대,더메이즈 건대점,광해,5.18,10,218
대구,앨리스 이스케이프,동성로 앨리스,5.18,5,111
청주,마스터키 프라임 청주점,자수성가,5.18,3,84
부산,비트포비아 서면점,부활,5.18,1,84
대전,더큐 이스케이프 대전점,테러 인 더 스카이,5.17,7,29
노원,더메이즈 노원점,LOST,5.17,4,147
서울(기타),이스케이프시티 성신여대점,vs경찰,5.17,3,120
평택,마스터키 평택점,쌩얼,5.17,3,29
부산,서울 이스케이프 룸 서면점,404호 살인사건,5.16,8,31
창원,타임 이스케이프,크라임씬3 (보복 살인 사건),5.16,8,62
서울(기타),셜록홈즈 서울대입구점,TMA,5.16,5,31
수원,벨 이스케이프,트레져 헌터,5.15,6,98
전라(기타),마스터키 익산점,호스텔,5.15,4,66
서울(기타),큐브 이스케이프 수유점,Piggies : 마녀의 꿈,5.15,3,101
홍대,시크릿코드 홍대점,미션(하드모드),5.14,8,144
성남,제로월드 서현점,기억상실,5.14,8,147
인천,셜록홈즈 부평점,수상한 형제들,5.14,4,73
노원,더메이즈 노원점,비밀의 방,5.13,5,112
서울(기타),큐브 이스케이프 수유점,Treasure Hunters ③ : 거미의 둥지,5.12,3,130
부산,비트포비아 서면점,산장으로의 초대,5.12,3,83
부산,비트포비아 서면점,Bar Solvay,5.12,3,86
경기(기타),셜록홈즈 뉴안양점,파노라마,5.11,5,47
동탄,시그널 헌터 동탄점,인생극장,5.11,4,94
대학로,시크릿 챔버,Beginner's Luck,5.1,7,156
의정부,트릭 이스케이프,호구와트,5.09,2,114
부산,G9 이스케이프,셜록의 위기 : 조디악의 반격,5.08,9,59
건대,더메이즈 건대점,락커룸,5.08,8,193
건대,비밀의 화원 건대점,레드림 컴퍼니,5.08,5,194
신촌,방탈출 ESC,쇼생크 탈출,5.08,4,119
인천,셜록홈즈 인천구월점,파란지붕집,5.08,4,63
대학로,시크릿 챔버,Frozen Break,5.06,5,155
평택,마스터키 평택점,사귀,5.06,5,81
강남,코드케이 강남점,감옥탈출,5.06,4,166
전주,마스터키 전주고사점,블루위시,5.06,3,83
서울(기타),큐브 이스케이프 수유점,Obsession : 집착,5.05,3,101
천안,마스터키 천안두정점,카마수트라,5.05,3,94
성남,EXIT 방탈출카페,새벽탈출,5.05,2,100
신촌,방탈출 ESC,미션 임파서블,5.04,5,123
홍대,미스터리 룸 이스케이프 홍대 2호점,더북 : 소설책 속의 남자,5.03,2,145
서울(기타),셜록홈즈 영등포점,혼 : 원혼의 저주,5,0,15
인천,이스케이프탑 인천점,프리즌 : 수감번호1508,5,0,8
인천,이스케이프탑 인천점,여고괴담(AR),5,0,6
부천,셜록홈즈 부천점,호텔 : 사라진 다이아몬드,5,0,20
경기(기타),레전드 이스케이프 이천점,반 고흐의 방,5,0,7
경기(기타),레전드 이스케이프 이천점,마법사의 세계,5,0,10
경기(기타),레전드 이스케이프 이천점,미녀와 야수,5,0,6
경기(기타),셜록홈즈 동두천점,혼 : 원혼의 저주,5,0,3
경기(기타),셜록홈즈 동두천점,도둑들,5,0,3
경기(기타),셜록홈즈 동두천점,보헤미아 왕국의 스캔들,5,0,3
경기(기타),셜록홈즈 동두천점,반 고흐의 방,5,0,3
경기(기타),셜록홈즈 동두천점,미녀와 야수2,5,0,3
경기(기타),셜록홈즈 용인점,빛과 그림자,5,0,6
청주,셜록홈즈 청주점,도둑들,5,0,8
청주,셜록홈즈 청주점,크라임씬,5,0,8
충청(기타),셜록홈즈 당진점,도둑들,5,0,5
충청(기타),셜록홈즈 당진점,미녀와 야수,5,0,6
충청(기타),셜록홈즈 당진점,할머니는 마법사,5,0,6
부산,덤앤더머 서면점,크라임시티,5,0,21
부산,신나는 방탈출,뜻 밖의 재능,5,0,24
부산,이스케이프탑 부산 1호점,마법사 : 미로의 방(AR),5,0,3
부산,이스케이프탑 부산 1호점,미션 : 폭탄제거,5,0,4
부산,이스케이프탑 부산 1호점,해적 : 저주받은 캐리비호(AR),5,0,4
부산,큐방탈출카페 서면점,서커스,5,0,10
부산,큐방탈출카페 서면점,꿈꾸는 다락방,5,0,9
울산,이스케이프탑 울산점,더미러 : 싸이코패스,5,0,3
울산,제트방탈출카페,태화여고의 괴담,5,0,14
울산,제트방탈출카페,시크릿제트,5,0,15
경상(기타),더코드 진주점,다시 시작된 살인사건,5,0,2
경상(기타),더코드 진주점,재즈바 W : 위험한 거래,5,0,3
경상(기타),더코드 진주점,세기의 명화를 훔치는 도둑들,5,0,3
광주,미션 브레이크 광주 CGV,시그널 1989,5,0,16
광주,셜록홈즈 광주점,파노라마,5,0,20
전주,디코드 이스케이프 전주객사점,빛과 그림자 : 화이트의 죽음2,5,0,12
전주,디코드 이스케이프 전주객사점,호텔 : 사라진 다이아몬드,5,0,7
전주,디코드 이스케이프 전주객사점,지하감옥,5,0,12
전주,디코드 이스케이프 전주객사점,이상한 나라의 초대,5,0,11
전라(기타),셜록홈즈 여수점,이상한 나라의 초대,5,0,4
전라(기타),셜록홈즈 여수점,빛과 그림자 : 화이트의 죽음2,5,0,2
강원,더코드 춘천점,세기의 명화를 훔치는 도둑들,5,0,6
강원,더코드 춘천점,의문의 동창회,5,0,7
강원,더코드 춘천점,다시 시작된 살인사건,5,0,4
강원,더코드 춘천점,냉동창고 : 살인사건 2,5,0,5
강원,셜록홈즈 강릉점,도둑들,5,0,3
강원,셜록홈즈 강릉점,암살,5,0,8
제주,더코드 서귀포점,강력 1반 : 사라진 아이들,5,0,17
제주,셜록홈즈 제주시청점,스토커,5,0,9
대전,ESC 대전둔산점,Trap Train,5,8,22
대구,비트포비아 대구점,쏘우,5,8,98
평택,루트 이스케이프 평택점,바디스네처,5,7,59
경기(기타),셜록홈즈 뉴안양점,노량진 고시생의 사랑-여자편,5,7,45
홍대,브레이크아웃 이스케이프 홍대점,호쿠스 1-마술사의 방,5,6,125
홍대,엑스이스케이프 홍대놀이터점,홈스윗홈,5,6,48
수원,루트 이스케이프 수원점,바디스네처,5,6,29
대전,룸즈에이 대전은행점,기억술사,5,6,73
청주,루팡 이스케이프 본점,"화투, [보이지 않는손]",5,6,69
부산,룸즈에이 부산남포점,제인하우스,5,6,75
창원,타임 이스케이프,폐쇄병동2,5,6,67
광주,더코드 한신포차점,곤지암,5,6,96
대학로,시크릿 챔버,Old School 80's,5,5,164
대전,더큐 이스케이프 대전점,섹시 라푼젤,5,5,30
부산,서울 이스케이프 룸 서면점,회장님의 서재,5,5,27
부산,큐방탈출카페 서면점,백조의 호수,5,5,17
서울(기타),도어 이스케이프 이수점,파라오의 석실,5,4,124
인천,셜록홈즈 부평점,지하감옥,5,4,47
평택,ESC 평택점,The Last Gamble,5,4,39
부산,키이스케이프 덕천점,정신병동,5,4,48
인천,리멤버 방탈출 부평점,미녀와 야수,5,3,58
평택,루트 이스케이프 평택점,TREASURE ( 트레저 ),5,3,40
평택,마스터키 평택점,대탈출2,5,3,62
안산,도어 이스케이프 안산점,파라오의 석실,5,3,27
경기(기타),셜록홈즈 안양 1번가점,도둑들,5,3,32
경상(기타),웹툰방탈출파크,신의탑,5,3,31
서울(기타),큐브 이스케이프 수유점,Treasure Hunters ① : 우든펍의 비밀,5,2,126
청주,루팡 이스케이프 1호점,슬기로운 깜빵생활,5,2,71
경상(기타),웹툰방탈출파크,유미의 세포들,5,2,43
평택,ESC 평택점,냥냥랜드,5,1,32
건대,비밀의 화원 건대점,핑크슈즈,4.98,9,201
대학로,시크릿 챔버,The Secret Chamber,4.97,7,149
홍대,브레이크아웃 이스케이프 홍대점,최후의 낙원,4.96,7,131
서울(기타),이스케이프시티 영등포점,기억의 조각,4.96,5,127
신촌,탐정크루 신촌 2호점,소년의 마음,4.94,6,179
서울(기타),셜록홈즈 노량진점,어린왕자,4.94,6,85
신림,비트포비아 신림점,섹스 어필,4.94,4,249
성남,EXIT 방탈출카페,바이러스,4.94,4,87
광주,더코드 한신포차점,도둑들,4.94,4,89
전주,비밀의 화원 전주점,사춘기,4.94,2,77
건대,더메이즈 건대점,몬테,4.93,10,211
광주,셜록홈즈 광주점,이 아이를 기억해주세요,4.93,9,68
천안,셜록홈즈 아산점,악마를 보았다,4.93,5,72
대구,비트포비아 대구점,모자가게의 비밀,4.93,4,67
서울(기타),이스케이프시티 영등포점,마법학교,4.93,3,134
청주,루팡 이스케이프 1호점,루팡,4.93,3,70
대구,코드이스케이프 대구점,키드냅,4.92,8,66
창원,타임 이스케이프,크라임씬,4.92,8,62
부천,이스케이프9,고대던전의 비밀,4.92,6,118
성남,넥스트에디션 분당서현점,익명의 여자,4.92,2,190
부산,G9 이스케이프,서바이벌 : 라이브,4.91,4,57
경상(기타),더 타임 이스케이프,귀신 헬리콥터,4.9,5,52
부산,비밀의 화원 서면점,연애학개론,4.9,4,50
대학로,셜록홈즈 대학로점,미녀와 야수,4.9,1,49
대구,앨리스 이스케이프,왕따 교실,4.89,5,87
수원,루트 이스케이프 수원점,트랩(TRAP),4.89,4,46
부산,비밀의 화원 서면점,슈퍼 엔지니어,4.89,3,46
대구,비트포비아 대구점,웃는 남자,4.88,6,81
서울(기타),비트포비아 명동점,그 남자 그 여자,4.88,4,120
대학로,전국방탈출 자체컨텐츠,잊혀진 기억,4.87,6,75
전주,마스터키 전주고사점,조커2,4.87,5,76
홍대,이스케이프 하우스,사라진 목소리,4.86,10,145
경상(기타),웹툰방탈출파크,호랑이형님,4.86,6,36
신촌,방탈출 ESC,올드 보이,4.86,5,108
인천,큐브 이스케이프 인천점,타이타닉,4.86,5,36
대구,방탈출 브이 삼덕점,드래곤 에그,4.86,5,110
부천,이스케이프시티 부천신중동점,원한,4.86,4,111
청주,루팡 이스케이프 1호점,퇴사 (부제:도비는 자유예요),4.86,4,74
대구,코드이스케이프 대구점,게이샤의 붉은 편지,4.86,4,70
전라(기타),마스터키 익산점,트로이,4.86,4,73
일산,인사이드,반 고흐의 방,4.86,3,70
전주,마스터키 전주고사점,곡성,4.86,3,73
대구,비트포비아 대구점,심야식당,4.85,5,67
홍대,엑스케이프 홍대점,녹,4.85,4,167
강남,세븐클루스 강남 1호점,환생,4.85,4,137
서울(기타),셜록홈즈 성신여대점,보헤미아 왕국의 스캔들,4.85,4,33
청주,루팡 이스케이프 본점,프리즌 서커스,4.85,2,66
대전,더큐 이스케이프 대전점,로스트 원더랜드,4.84,5,31
천안,ESC 천안점,The Last Gamble 2,4.84,5,63
부산,G9 이스케이프,레인 컴퍼니,4.84,3,61
제주,언리미티드 이스케이프,냉동 컨테이너의 비밀,4.83,7,59
홍대,이스케이프 하우스,미드 나이트,4.83,5,144
광주,더코드 한신포차점,탈옥,4.83,3,90
전라(기타),마스터키 익산점,카마수트라,4.83,2,30
강남,세븐클루스 강남 2호점,차이나 타운의 진실 (renew),4.82,6,83
서울(기타),셜록홈즈 노량진점,중고로운 평화나라,4.82,5,83
수원,시그널 헌터 광교중앙점,G.갤러리,4.82,3,82
청주,다락방 방탈출 카페,해리포터 와 마법학교,4.82,3,28
신림,셜록홈즈 신림 2호점,미녀와 야수,4.82,2,28
경상(기타),더 타임 이스케이프,사기도박,4.81,9,53
평택,루트 이스케이프 평택점,나를 찾아줘,4.81,7,53
포항,더와이 방탈출카페,타임 트래블링,4.81,7,53
부산,코드미스터리,아트미스터리,4.81,6,53
부산,덤앤더머 서면점,투 앨리스,4.81,5,26
경상(기타),더 타임 이스케이프,보스의 놀이방,4.81,5,53
동탄,셜록홈즈 동탄점,좀비여친,4.81,4,27
부산,키이스케이프 덕천점,셜록-죽음의 전화,4.8,7,50
홍대,이스케이프 하우스,임파서블,4.8,5,148
수원,방탈출 넘버원 수원점,아더스,4.8,4,101
성남,EXIT 방탈출카페,도둑들2,4.8,3,101
부산,신나는 방탈출,DUMB,4.79,0,24
성남,레전드 이스케이프 서현점,WHO,4.79,8,120
울산,트랩코리아 울산점,고대 이집트,4.79,5,24
대구,비트포비아 대구점,용의선상,4.78,8,90
대구,코드이스케이프 대구점,의문의 시선-추격,4.78,7,67
대구,코드이스케이프 대구점,프리즌 브레이크,4.78,4,67
인천,콜드 케이스 2호점,알카트라즈,4.77,0,22
안산,루트 이스케이프 안산점,사건파일,4.77,6,64
대구,룸즈에이 대구동성로 2호점,금 나와라 뚝딱,4.76,0,21
천안,마스터키 천안두정점,13고스트,4.76,3,105
광주,더코드 한신포차점,나홀로 집에,4.76,3,85
서울(기타),셜록홈즈 성신여대점,호텔 : 사라진 다이아몬드,4.75,0,20
울산,제트방탈출카페,매직트레인,4.75,0,20
안산,루트 이스케이프 안산점,수상한 미술관,4.75,6,61
신촌,위드방탈출,마에스트로,4.75,3,142
대구,비트포비아 대구점,잭 더 리퍼,4.75,3,60
청주,마스터키 프라임 청주점,방과후 13교시,4.75,2,80
대전,이스케이프탑 대전점,여고괴담(AR),4.74,0,19
부산,G9 이스케이프,사도 : 운명의 그림자,4.74,8,58
성남,EXIT 방탈출카페,Who Are You,4.74,5,96
의정부,트릭 이스케이프,뱀파이어의 저주,4.74,5,114
부산,G9 이스케이프,페어리테일 : 마녀의 장난,4.74,3,58
서울(기타),큐브 이스케이프 수유점,Stepfather : 사라진 천사들,4.74,2,96
서울(기타),더코드 왕십리점,도박꾼 : 마지막 베팅,4.73,5,113
인천,셜록홈즈 부평점,혼 : 원혼의 저주,4.73,5,37
인천,크라임씬 방탈출,도둑들,4.72,0,18
홍대,브레이크아웃 이스케이프 홍대점,수상한 한의원,4.72,8,142
포항,더와이 방탈출카페,크리스마스,4.72,5,53
인천,셜록홈즈 인천구월점,호텔 : 사라진 다이아몬드,4.71,0,17
인천,셜록홈즈 인천구월점,사라민,4.71,7,85
청주,루팡 이스케이프 본점,기억 조작소,4.71,7,68
대학로,시크릿 챔버,YAMASHITA Gold,4.71,4,153
강원,이스케이프 존 강원대점,산타의 실수,4.71,4,122
경상(기타),웹툰방탈출파크,여신강림,4.71,2,34
서울(기타),셜록홈즈 노량진점,반하셨군요?,4.7,7,100
서울(기타),비트포비아 명동점,오늘밤 주인공은 나야 나,4.7,6,135
성남,에피소드 방탈출 분당점,이레이저,4.7,2,132
부산,덤앤더머 서면점,푸른수염,4.69,0,16
수원,벨 이스케이프,알리바이,4.69,7,98
서울(기타),이스케이프시티 영등포점,좀비 바이러스,4.69,3,127
홍대,리얼이스케이프 첼린지,셜록 : 교수의 비밀,4.68,9,142
동탄,셜록홈즈 동탄점,던전을 부탁해,4.68,8,31
노원,더메이즈 노원점,상의원,4.68,7,126
노원,더메이즈 노원점,탐정 in New York,4.68,5,139
성남,레전드 이스케이프 서현점,Happening,4.68,5,126
서울(기타),이스케이프시티 성신여대점,그녀를 찾아서,4.67,7,122
수원,방탈출 넘버원 수원점,해적선,4.67,2,105
신림,셜록홈즈 신림 2호점,도둑들,4.66,9,59
강원,플레이 이스케이프 원주점,007 다이아몬드,4.66,7,73
강남,코드케이 강남점,기억상실,4.66,5,162
성남,EXIT 방탈출카페,스토커,4.66,5,87
부산,비밀의 화원 서면점,베이비 레이스,4.66,5,44
전라(기타),하일 이스케이프,외출 : 나가서 놀고싶다.,4.66,5,29
수원,방탈출 넘버원 수원점,레시피,4.66,3,104
노원,더메이즈 노원점,NO ONE,4.65,6,144
경기(기타),셜록홈즈 안양 1번가점,크라임씬,4.65,5,43
경기(기타),셜록홈즈 뉴안양점,웨딩크루즈 살인사건-2탄,4.65,2,43
서울(기타),셜록홈즈 종각점,호텔 : 사라진 다이아몬드,4.64,0,14
부천,셜록홈즈 부천점,프로젝트 : 노아,4.64,0,28
대전,큐브 이스케이프 대전점,마션,4.64,0,14
울산,제트방탈출카페,중화만두,4.64,0,14
서울(기타),큐브 이스케이프 수유점,Treasure Hunters ② : 빅토리아호의 침몰,4.64,2,125
일산,큐방탈출카페 일산점,요코하마 차이나타운,4.63,9,121
신림,셜록홈즈 신림 2호점,빛과 그림자 : 화이트의 죽음2,4.63,4,41
청주,루팡 이스케이프 본점,아기 돼지 삼형제,4.63,4,67
전주,디코드 이스케이프 전주객사점,파라오의 비밀,4.62,0,13
부산,부산 이스케이프,lounge bar,4.62,8,93
대구,비트포비아 대구점,테러 라이브,4.62,7,91
안산,도어 이스케이프 안산점,마녀의 저주,4.62,6,79
경상(기타),더 타임 이스케이프,시크릿,4.62,6,52
홍대,시크릿코드 홍대점,제페토,4.62,5,173
경상(기타),더 타임 이스케이프,레이나의 시약,4.62,3,52
대전,ESC 대전둔산점,투란의 독방,4.61,4,51
서울(기타),큐브 이스케이프 천호점,The Cube,4.6,8,63
천안,ESC 천안점,Project - Z 2,4.6,6,25
청주,다락방 방탈출 카페,환생병원 CORD R,4.59,5,61
부산,신나는 방탈출,리스키아르,4.58,0,24
대구,코드네임 블랙 대구점,야간자율학습,4.58,6,36
홍대,"방탈출, 둡두","The last episode:마지막 화(話,禍)",4.58,4,72
대구,코드이스케이프 대구점,바이러스,4.58,4,71
대전,방탈출 추리존,스토커,4.57,7,23
강남,코드케이 강남점,미치광이 과학자 연쇄살인범,4.57,6,176
신촌,위드방탈출,스쿨오브락,4.57,4,138
대학로,비밀의 화원 시네마틱 혜화점,삼남매 이씨 (장녀),4.56,4,68
인천,셜록홈즈 부평점,이상한 나라의 초대,4.56,3,45
부산,부산 이스케이프,아마존 이스케이프,4.55,7,101
서울(기타),코드이스케이프 가로수길점,프리즌 브레이크 2,4.55,5,155
동탄,무비 이스케이프 동탄점,춘향전,4.55,5,100
청주,루팡 이스케이프 본점,눅눅괴물과 지구용사,4.55,1,67
건대,더메이즈 건대점,남영동 1984,4.54,7,196
강남,코드케이 강남점,살인사건 현장-퀸즈파크 저택 살인사건,4.54,5,152
안산,도어 이스케이프 안산점,미친 의사,4.54,5,76
홍대,엑스케이프 홍대점,버지니아 란제리샵,4.54,4,151
신림,비트포비아 신림점,스윙게이트,4.53,6,222
수원,싸인 이스케이프 성대역점,인턴,4.52,8,83
부천,셜록홈즈 부천점,지옥의 배달부,4.52,3,31
광주,더코드 한신포차점,탐정,4.52,3,84
부산,덤앤더머 서면점,러브클리닉,4.52,2,21
포항,더패닉 이스케이프,히말라야,4.51,8,51
신촌,탐정크루 신촌 2호점,이상한 부부 이야기 (크라임씬),4.51,6,153
신림,더코드 신림점,세기의 명화를 훔치는 도둑들,4.51,5,122
강원,플레이 이스케이프 원주점,검은 그림자,4.51,5,71
전주,마스터키 전주고사점,모나리자,4.51,2,71
성남,셜록홈즈 분당야탑점,혼 : 원혼의 저주,4.5,0,10
경기(기타),셜록홈즈 안양 1번가점,혼 : 원혼의 저주,4.5,0,20
서울(기타),셜록홈즈 종각점,빛과 그림자 : 화이트의 죽음2,4.5,5,20
신림,비트포비아 신림점,네버랜드를 찾아서,4.5,3,220
대전,ESC 대전둔산점,스페이드 클럽,4.5,3,50
경상(기타),셜록홈즈 구미점,역대급 사생팬,4.5,3,20
대전,마스터키 은행점,REC,4.49,7,79
대구,앨리스 이스케이프,레드 주식회사,4.49,7,78
서울(기타),패닉이스케이프 목동점,패닉부대,4.49,4,98
광주,브레인 방탈출,필라멘트,4.49,4,39
청주,루팡 이스케이프 1호점,엘리베이터(부제:귀신놀음),4.49,3,69
성남,에피소드 방탈출 분당점,데이드림,4.49,1,128
부산,덤앤더머 서면점,X테마,4.49,1,68
부산,부산 이스케이프,loo,4.48,9,97
노원,더메이즈 노원점,상계동 357-8,4.48,7,145
잠실,큐브 이스케이프 잠실점,Obsession : 집착,4.48,6,67
수원,엑스케이프 수원점,제물의 밤,4.48,4,96
천안,ESC 천안점,사라진 카지노,4.47,5,38
제주,더메이즈 제주점,만덕전,4.47,5,47
일산,큐방탈출카페 일산점,밀정,4.47,4,95
부산,부산 이스케이프,박물관,4.46,7,92
서울(기타),더코드 왕십리점,냉동창고 : 살인사건 2,4.46,6,102
수원,싸인 이스케이프 성대역점,자멜신부의 비밀,4.46,4,101
전라(기타),하일 이스케이프,THE ROOM 014,4.46,4,28
전주,마스터키 전주고사점,인디아나존스,4.44,0,18
홍대,이스케이프 하우스,3인의 저주,4.44,7,135
잠실,큐브 이스케이프 잠실점,카타콤,4.44,7,89
홍대,미스터리 룸 이스케이프 홍대 1호점,뱀파이어 드라큘라의 성,4.44,6,160
수원,벨 이스케이프,태양의 눈물,4.44,4,99
포항,더패닉 이스케이프,생존의 기로2,4.43,8,44
수원,싸인 이스케이프 성대역점,고시텔,4.43,7,105
안산,도어 이스케이프 안산점,빅뱅,4.43,6,88
대구,비트포비아 대구점,트레이드,4.43,6,79
천안,셜록홈즈 천안 1호점,이상한 나라의 초대,4.42,0,26
경상(기타),더 타임 이스케이프,누명,4.42,9,52
제주,더메이즈 제주점,백록병원,4.42,8,43
포항,더패닉 이스케이프,제물,4.42,7,43
인천,셜록홈즈 인천구월점,좀비여친,4.42,4,26
안산,도어 이스케이프 안산점,귀곡성,4.42,3,86
부산,룸즈에이 부산남포점,초콜릿 팩토리,4.41,8,76
광주,더코드 한신포차점,더 코드-비밀의 방,4.41,5,59
강남,미스터리 룸 이스케이프 강남점,영혼의 편지,4.4,7,150
청주,루팡 이스케이프 본점,이중간첩 리철준,4.4,7,67
홍대,엑스이스케이프 홍대놀이터점,리페인팅,4.39,0,33
부산,부산 이스케이프,정의의 저울 하드코어,4.39,8,90
일산,인사이드,저주받은 집,4.39,6,74
신촌,탐정크루 신촌 2호점,출근길,4.39,5,172
신림,더코드 신림점,의문의 동창회,4.39,5,122
전주,마스터키 전주고사점,비밀의 장난감가게,4.39,3,66
광주,셜록홈즈 광주점,도둑들,4.38,0,16
전라(기타),셜록홈즈 여수점,할머니는 마법사,4.38,0,8
부산,더락 이스케이프 부산대점,루시드 드리밍,4.38,7,48
경기(기타),두잇 이스케이프 1호점,ZOMBIE ATTACK,4.38,6,64
천안,ESC 천안점,헨젤과 그레텔,4.38,6,24
강남,세븐클루스 강남 2호점,백설공주의 비밀 (renew),4.38,4,104
인천,큐브 이스케이프 인천점,타워링,4.38,4,32
안산,도어 이스케이프 안산점,검은조직,4.38,3,32
대학로,셜록홈즈 대학로점,무속인 살인사건,4.37,6,63
수원,벨 이스케이프,바이러스,4.37,5,95
안산,루트 이스케이프 안산점,사라진 여인,4.37,4,63
수원,시그널 헌터 광교중앙점,The MUMMY,4.37,3,79
서울(기타),월투월방탈출 서울대입구점,드림 인베이더,4.36,7,55
서울(기타),시그널 헌터 가로수길점,젠틀맨 뱅크,4.36,5,149
인천,콜드 케이스 2호점,인하로 77번길,4.35,0,23
안산,루트 이스케이프 안산점,디아더스,4.35,0,23
안산,루트 이스케이프 안산점,골드 마인,4.35,7,23
강남,미스터리 룸 이스케이프 강남점,소서러,4.35,5,170
부천,이스케이프9,잠입 명령,4.35,4,108
대구,앨리스 이스케이프,금두꺼비,4.35,4,77
일산,할리갈리 인더룸 시즌2,정다운 밥상,4.34,6,53
부천,로스트 템플 2,황룡동굴의 비밀,4.34,5,91
수원,싸인 이스케이프 성대역점,각성,4.33,7,82
수원,싸인 이스케이프 성대역점,우울증,4.33,5,82
포항,더와이 방탈출카페,딥 포레스트,4.33,5,52
신촌,탐정크루 신촌 2호점,대저택의 비밀,4.32,5,154
신림,더코드 신림점,아파트,4.32,4,117
인천,셜록홈즈 인천구월점,지옥의 라이더,4.31,5,36
일산,인사이드,스토커,4.3,6,50
홍대,엑스이스케이프 홍대놀이터점,선물,4.29,0,42
대전,이스케이프탑 대전점,해적 : 저주받은 캐리비호(AR),4.29,0,14
울산,제트방탈출카페,연애편지,4.29,0,14
전주,디코드 이스케이프 전주객사점,혼 : 원혼의 저주,4.29,0,7
전라(기타),셜록홈즈 여수점,파라오의 심판,4.29,0,14
제주,셜록홈즈 제주제원점,산속의 여인,4.29,0,7
광주,더코드 한신포차점,비밀요원,4.29,7,77
대구,앨리스 이스케이프,아빠의 서재,4.29,6,140
대학로,비밀의 화원 시네마틱 혜화점,삼남매 이씨 (막내),4.28,2,90
대구,앨리스 이스케이프,환상 크루즈 (renew),4.26,9,54
신림,더코드 신림점,위자 보드 : 위험한 장난,4.26,7,108
부산,더락 이스케이프 하단점,마녀의 숨겨진 약,4.26,6,27
서울(기타),패닉이스케이프 목동점,두 얼굴의 영주,4.26,5,94
강남,세븐클루스 강남 1호점,러브 에센스,4.26,3,122
대구,앨리스 이스케이프,사가와 잇세이,4.25,5,87
홍대,리얼이스케이프 첼린지,아르바이트 : 과학자의 속임수,4.24,8,131
인천,콜드 케이스 1호점,토투가,4.23,9,26
부천,로스트 템플 2,파라오의 심판,4.23,9,98
강남,세븐클루스 강남 1호점,원한,4.22,6,148
홍대,ESC 홍대점,Trap Train,4.22,4,134
부산,덤앤더머 서면점,동전노래방,4.22,4,64
대전,방탈출 추리존,위험한 레시피,4.21,0,19
대전,큐브 이스케이프 대전점,장기밀매,4.21,0,19
건대,트루이스케이프룸 건대점,블러드 트레인,4.21,9,133
경기(기타),명란젓 코난,헨젤과 그레텔,4.21,7,171
서울(기타),더코드 왕십리점,피의 일요일,4.21,5,101
부천,로스트 템플 2,아라마무루,4.21,4,89
전주,마스터키 전주고사점,아나스타샤,4.21,3,76
부산,큐방탈출카페 서면점,광산 터널,4.2,3,44
포항,더와이 방탈출카페,포가든 킹덤,4.2,3,50
강원,플레이 이스케이프 원주점,폐쇄병동,4.19,6,68
경기(기타),셜록홈즈 안양 1번가점,지하감옥,4.19,5,37
대학로,비트포비아 대학로점,잭 더 리퍼,4.19,4,180
전라(기타),모던 타임즈,백백교,4.18,9,73
인천,리즌 방탈출,전기톱 살인사건,4.17,0,6
인천,리즌 방탈출,크라임씬,4.17,0,6
성남,셜록홈즈 분당야탑점,도둑들-문제 도둑,4.17,0,12
경기(기타),셜록홈즈 구리점,혼 : 원혼의 저주,4.17,0,6
경상(기타),더코드 진주점,위자 보드 : 위험한 장난,4.17,0,6
제주,셜록홈즈 제주제원점,빛과 그림자,4.17,0,6
서울(기타),비트포비아 명동점,도깨비,4.17,8,126
부천,이스케이프9,악령술,4.17,7,90
강남,미스터리 룸 이스케이프 강남점,개인병원의 비밀,4.17,5,157
수원,이스케이프탑 수원점,해적 : 저주받은 캐리비호(AR),4.17,5,42
동탄,셜록홈즈 동탄점,호텔 : 사라진 다이아몬드,4.17,5,18
강남,세븐클루스 강남 1호점,사라진 백마교도,4.16,5,160
홍대,미스터리 룸 이스케이프 홍대 1호점,살인마 빅토르의 비밀,4.16,3,119
부산,더락 이스케이프 부산대점,하울의 안 움직이는 성,4.15,4,53
수원,이스케이프탑 수원점,젠틀맨 : 요원의 자격(AR),4.15,3,41
수원,이스케이프탑 수원점,미션 : 폭탄제거,4.14,4,58
전라(기타),익산 지니어스 이스케이프,도플갱어,4.14,4,58
부천,셜록홈즈 부천점,사각사각,4.14,2,81
서울(기타),방탈출 미로,호텔 : 사라진 다이아몬드,4.13,0,23
잠실,셜록홈즈 잠실 1호점,무속인 살인사건,4.13,6,46
제주,언리미티드 이스케이프,기이한 라커룸,4.13,5,52
서울(기타),셜록홈즈 종각점,프로젝트 : 노아,4.12,7,40
수원,이스케이프탑 수원점,마법사 : 미로의 방(AR),4.12,5,40
부산,더락 이스케이프 하단점,벙커,4.11,8,28
포항,더패닉 이스케이프,생존의 기로1,4.11,7,45
대전,ESC 대전둔산점,Dead Number,4.11,5,28
서울(기타),시그널 헌터 가로수길점,신사정육점,4.11,3,141
신림,셜록홈즈 신림 2호점,무속인 살인사건,4.1,6,39
서울(기타),셜록홈즈 영등포점,빛과 그림자 : 화이트의 죽음2,4.09,0,11
평택,셜록홈즈 평택점,반 고흐의 방,4.09,0,11
대전,큐브 이스케이프 대전점,Obsession : 집착,4.09,0,11
울산,제트방탈출카페,지하묘지의 비밀,4.09,0,11
서울(기타),더코드 왕십리점,도둑들 2 : 다이아몬드 블루문,4.09,4,104
부산,코드미스터리,여고괴담,4.08,10,49
서울(기타),셜록홈즈 성신여대점,크라임씬,4.08,6,38
동탄,시그널 헌터 동탄점,THE MUMMY,4.08,6,76
대구,코드네임 블랙 대구점,드워프 : 금지된마법,4.08,5,38
인천,큐브 이스케이프 인천점,Obsession : 집착,4.07,0,27
경기(기타),두잇 이스케이프 1호점,센스앤더시티 사만다의방,4.07,9,75
부산,더락 이스케이프 하단점,미스테리 동호회(정신병원편),4.07,7,27
대구,코드네임 블랙 대구점,냥이강쥐의 대모험,4.06,0,16
홍대,리얼이스케이프 첼린지,구미호: 호령마을 미스테리,4.06,4,127
경기(기타),셜록홈즈 안양 1번가점,마법사의 세계,4.06,3,32
대구,코드네임 블랙 대구점,스페이스 쉽 : 라비린스,4.05,0,21
수원,방탈출 탐정,스토커,4.05,8,63
대구,코드네임 블랙 대구점,로스트 원더랜드,4.04,0,26
대구,앨리스 이스케이프,지퍼스 크리퍼스,4.04,9,78
전주,큐브 이스케이프 전주점,피라미드의 비밀,4.04,4,26
광주,더코드 한신포차점,미생,4.04,3,83
건대,트루이스케이프룸 건대점,조커의 방,4.03,6,150
신림,비트포비아 신림점,스플릿,4.02,8,215
부산,부산 이스케이프,4.29,4.02,8,92
부산,부산 이스케이프,1798 위험한취미 2 : 암살,4.02,8,92
홍대,리얼이스케이프 첼린지,로스트 : 그 남자의 경고,4.02,5,132
서울(기타),큐브 이스케이프 천호점,Stepfather : 사라진 천사들,4.02,3,61
일산,인사이드,웨딩크루즈 살인사건,4.02,3,41
전라(기타),익산 지니어스 이스케이프,잃어버린 기억,4.01,6,71
강원,플레이 이스케이프 원주점,귀곡산장,4.01,5,71
대전,이스케이프탑 대전점,젠틀맨 : 요원의 자격(AR),4,0,10
경상(기타),셜록홈즈 구미점,무속인 살인사건,4,0,10
제주,셜록홈즈 제주제원점,저주받은 집,4,0,5
대구,코드네임 블랙 대구점,스카이 테러,4,6,25
경기(기타),리버스 이스케이프,놀부 살인사건,4,4,45
인천,콜드 케이스 1호점,인스네어,4,3,30
경기(기타),셜록홈즈 안양 1번가점,미녀와 야수,4,1,25
경기(기타),명란젓 코난,생존자,3.98,9,171
경기(기타),명란젓 코난,소원을 말해봐!,3.98,9,167
건대,트루이스케이프룸 건대점,마션,3.98,8,142
서울(기타),더코드 회기점,강력 1반 : 추격자,3.98,8,44
제주,언리미티드 이스케이프,어른들을 위한 동화,3.98,4,44
경기(기타),두잇 이스케이프 1호점,파라오의 비밀,3.97,5,73
잠실,큐브 이스케이프 잠실점,신데렐라,3.97,4,73
경기(기타),명란젓 코난,마녀의 초대장,3.96,7,169
서울(기타),이스케이프 #,Catch Me If You Can,3.96,5,77
서울(기타),패닉이스케이프 목동점,연쇄살인마,3.96,4,82
경기(기타),나비잠,빛과 그림자 : 화이트의 죽음2,3.96,3,53
부산,코드미스터리,프리즌 브레이크,3.96,3,53
일산,할리갈리 인더룸 시즌2,우물,3.95,8,57
수원,방탈출 탐정,화이트의 죽음,3.94,8,71
신림,더코드 신림점,다시 시작된 살인사건,3.94,6,109
건대,트루이스케이프룸 건대점,쇼퍼홀릭,3.94,5,132
서울(기타),코난 이스케이프 구로디지털단지역점,의문의 의뢰편지,3.94,4,71
경기(기타),셜록홈즈 구리점,반 고흐의 방,3.93,0,14
천안,셜록홈즈 천안 1호점,마법사의 세계,3.93,6,28
인천,큐브 이스케이프 인천점,장기밀매,3.93,5,42
경상(기타),더코드 진주점,강력 1반 : 사라진 아이들,3.93,5,28
서울(기타),월투월방탈출 서울대입구점,지하감옥,3.92,5,37
동탄,시그널 헌터 동탄점,X-FILE (ROSEWELL CASE),3.92,5,79
서울(기타),큐브 이스케이프 천호점,Piggies : 마녀의 꿈,3.92,4,60
일산,할리갈리 인더룸 시즌2,알리바이,3.91,8,55
경기(기타),명란젓 코난,공조,3.91,8,179
홍대,미스터리 룸 이스케이프 홍대 1호점,원혼괴담,3.91,7,151
일산,할리갈리 인더룸 시즌2,감식반,3.91,4,55
전라(기타),익산 지니어스 이스케이프,제물,3.9,7,68
동탄,시그널 헌터 동탄점,증발 : 그여자의방,3.9,4,77
대구,앨리스 이스케이프,달빛 서커스,3.9,3,82
대전,더큐 이스케이프 대전점,셜록홈즈의 성배탐색,3.89,7,27
일산,큐방탈출카페 일산점,서커스,3.89,4,104
서울(기타),코난 이스케이프 구로디지털단지역점,버스안에서,3.89,3,81
인천,큐브 이스케이프 인천점,신데렐라,3.89,3,27
대전,이스케이프탑 대전점,마법사 : 미로의 방(AR),3.89,1,18
서울(기타),셜록홈즈 영등포점,파라오의 비밀,3.87,5,62
인천,크라임씬 방탈출,암살,3.87,5,53
홍대,ESC 홍대점,Project - Z,3.87,3,115
잠실,큐브 이스케이프 잠실점,마션,3.86,9,92
포항,더패닉 이스케이프,센의 진실,3.86,6,44
전주,원타임 전주신시가지점,반 고흐의 방,3.85,0,13
제주,셜록홈즈 제주시청점,위험한 레시피,3.85,0,13
홍대,ESC 홍대점,라이트 아웃,3.85,3,131
제주,더메이즈 제주점,사라진 요원 M107,3.84,9,43
전라(기타),익산 지니어스 이스케이프,수상한 회사원,3.84,8,73
서울(기타),코난 이스케이프 구로디지털단지역점,대저택의 비밀,3.82,6,76
인천,콜드 케이스 1호점,무서운 이야기,3.81,0,21
경기(기타),리버스 이스케이프,목소리,3.81,0,21
경기(기타),두잇 이스케이프 1호점,추적자 : 그 남자의 방,3.81,5,63
서울(기타),큐브 이스케이프 천호점,피고인,3.81,2,80
전라(기타),모던 타임즈,수용소,3.8,9,75
강남,세븐클루스 강남 2호점,데드 얼라이브,3.8,6,146
전라(기타),모던 타임즈,미곡상,3.79,10,70
포항,더패닉 이스케이프,흉가 탈출,3.78,7,45
수원,이스케이프탑 수원점,프리즌 : 수감번호1508,3.77,7,61
일산,할리갈리 인더룸 시즌2,데스페라도,3.77,4,53
강남,세븐클루스 강남 1호점,ROOM 401,3.77,2,142
서울(기타),더코드 회기점,세기의 명화를 훔치는 도둑들,3.75,0,8
서울(기타),셜록홈즈 성신여대점,빛과 그림자 : 화이트의 죽음2,3.75,0,12
인천,리즌 방탈출,위험한 레시피,3.75,0,4
인천,이스케이프탑 인천점,해적 : 저주받은 캐리비호(AR),3.75,0,4
인천,크라임씬 방탈출,미녀와 야수,3.75,0,16
성남,셜록홈즈 분당야탑점,빛과 그림자 : 화이트의 죽음2,3.75,0,16
경기(기타),셜록홈즈 용인점,할머니는 마법사,3.75,0,12
청주,셜록홈즈 청주점,빛과 그림자 : 화이트의 죽음2,3.75,0,4
충청(기타),셜록홈즈 당진점,프로젝트 : 노아,3.75,0,8
부산,큐방탈출카페 서면점,사쿠라 하우스,3.75,0,12
울산,이스케이프탑 울산점,여고괴담(AR),3.75,0,4
경상(기타),더코드 진주점,아파트,3.75,0,4
전주,원타임 전주신시가지점,스토커,3.75,0,12
전라(기타),셜록홈즈 여수점,무속인 살인사건,3.75,0,4
강원,셜록홈즈 강릉점,무속인 살인사건,3.75,0,4
부산,더락 이스케이프 하단점,부비트랩,3.75,8,28
잠실,큐브 이스케이프 잠실점,로미오 포인트,3.75,7,48
서울(기타),방탈출 미로,프로젝트 : 노아,3.75,6,20
평택,ESC 평택점,헨젤과 그레텔,3.75,5,20
대전,이스케이프탑 대전점,프리즌 : 수감번호1508,3.75,4,16
서울(기타),셜록홈즈 노량진점,빛과 그림자 : 화이트의 죽음2,3.75,3,28
일산,큐방탈출카페 일산점,백조의 호수,3.74,5,95
홍대,큐브 이스케이프 홍대점,피라미드의 비밀,3.74,3,111
일산,큐방탈출카페 일산점,꿈꾸는 다락방,3.72,4,109
홍대,시크릿코드 홍대점,백마교의 최후,3.7,6,123
서울(기타),큐브 이스케이프 천호점,The Maze,3.7,6,100
부산,더락 이스케이프 하단점,괴도루팡의 예고장,3.7,4,27
수원,시그널 헌터 광교중앙점,서대문 형무소,3.69,4,61
일산,큐방탈출카페 일산점,프랑켄슈타인의 실험실,3.69,3,103
수원,이스케이프탑 수원점,더미러 : 싸이코패스,3.68,7,68
일산,큐방탈출카페 일산점,소녀의 꿈,3.68,2,110
홍대,ESC 홍대점,코드네임 : 블랙로즈,3.67,6,128
대구,코드네임 블랙 대구점,어바웃타임,3.66,6,41
전라(기타),하일 이스케이프,HELICOPTER,3.65,8,26
강남,미스터리 룸 이스케이프 강남점,사라진 왕관,3.65,3,155
인천,이스케이프탑 인천점,미션 : 폭탄제거,3.64,0,11
전라(기타),익산 지니어스 이스케이프,메이저리그,3.64,5,66
부산,더락 이스케이프 부산대점,최후의 만찬,3.64,4,44
성남,셜록홈즈 분당야탑점,반 고흐의 방,3.64,3,22
부천,로스트 템플 2,드라큘라 백작의 성,3.63,4,84
부산,더락 이스케이프 경성대점,편의점을 털어라,3.62,9,40
노원,셜록홈즈 노원점,파라오의 심판,3.62,8,80
수원,시그널 헌터 광교중앙점,JURASSIC PROJECT,3.62,8,76
부산,큐방탈출카페 서면점,북경만두,3.61,4,36
제주,셜록홈즈 제주제원점,신입사원 출근기,3.6,3,25
평택,ESC 평택점,수상한 병원,3.57,0,14
경기(기타),레전드 이스케이프 이천점,호텔 : 사라진 다이아몬드,3.57,0,7
부산,이스케이프탑 부산 1호점,더미러 : 싸이코패스,3.57,0,7
울산,제트방탈출카페,올림푸스의 초대,3.57,0,14
수원,이스케이프탑 수원점,여고괴담(AR),3.57,5,42
서울(기타),시그널 헌터 가로수길점,엑소시즘 인 신사,3.57,4,140
서울(기타),월투월방탈출 서울대입구점,위험한 레시피,3.56,10,73
잠실,셜록홈즈 잠실 1호점,학교괴담 태훈이의 죽음,3.56,6,94
서울(기타),큐브 이스케이프 천호점,장기밀매 Part 2,3.56,5,94
수원,이스케이프탑 수원점,쥬라기S : 바이러스,3.56,5,66
부천,로스트 템플 2,부두교의 저주,3.55,8,83
홍대,ESC 홍대점,수상한 병원,3.53,8,146
잠실,셜록홈즈 잠실 1호점,위험한 레시피,3.52,0,27
전라(기타),하일 이스케이프,시크릿 가든,3.52,7,27
서울(기타),월투월방탈출 서울대입구점,마법사의 세계,3.52,6,27
서울(기타),더코드 회기점,재즈바 W : 위험한 거래,3.52,5,44
노원,셜록홈즈 노원점,미녀와 야수2,3.51,7,37
인천,리즌 방탈출,반 고흐의 방,3.5,0,10
전라(기타),셜록홈즈 여수점,크라임씬,3.5,0,10
일산,큐방탈출카페 일산점,사쿠라 하우스,3.5,8,107
평택,ESC 평택점,Dead Number,3.5,7,20
동탄,시그널 헌터 동탄점,DOCTOR Z;OMBIE,3.5,6,70
홍대,시크릿코드 홍대점,독립군 : 피의 투쟁,3.5,2,120
서울(기타),코난 이스케이프 구로디지털단지역점,악마를 보았다,3.49,5,73
포항,더패닉 이스케이프,파괴된 도시,3.48,7,46
노원,셜록홈즈 노원점,도둑들,3.48,5,23
잠실,큐브 이스케이프 잠실점,타이타닉,3.46,7,91
강남,세븐클루스 강남 1호점,THE HOLE,3.46,3,130
노원,셜록홈즈 노원점,스토커,3.45,6,29
부산,더락 이스케이프 경성대점,선과 칠호의 행방불명,3.45,6,42
홍대,ESC 홍대점,여신의 눈물 : 코이누르,3.45,3,126
포항,더패닉 이스케이프,스파이,3.44,5,45
수원,방탈출 탐정,여고괴담,3.43,10,86
경상(기타),더 지니어스,박씨네 라면가게,3.41,9,41
서울(기타),큐브 이스케이프 천호점,Aphilia : 장미의 비밀,3.41,5,85
부산,더락 이스케이프 부산대점,의뢰인,3.41,4,44
전주,큐브 이스케이프 전주점,좀비스쿨,3.4,5,47
서울(기타),셜록홈즈 영등포점,지하감옥,3.4,4,25
부산,더락 이스케이프 경성대점,오리엔탈 특급열차 살인사건,3.38,6,37
부산,더락 이스케이프 경성대점,우리 집에 왜 왔니,3.38,6,34
천안,셜록홈즈 천안 1호점,무속인 살인사건,3.33,0,21
경상(기타),더코드 진주점,의문의 동창회,3.33,0,3
광주,이스케이프탑 광주점,프리즌 브레이크 : 1508,3.33,0,12
전라(기타),셜록홈즈 여수점,전기톱 살인사건,3.33,0,9
제주,셜록홈즈 제주시청점,마법사의 세계,3.33,0,3
제주,셜록홈즈 제주제원점,웨딩크루즈 살인사건 - 2탄,3.33,0,3
의정부,EXIT 의정부,냉동창고,3.33,6,78
서울(기타),코난 이스케이프 구로디지털단지역점,미대생의 죽음,3.33,5,81
수원,시그널 헌터 광교중앙점,추적자 : 그 남자의 방,3.33,4,48
대전,ESC 대전둔산점,헨젤과 그레텔,3.33,3,24
의정부,EXIT 의정부,prison,3.33,2,78
부산,더락 이스케이프 부산대점,절대반지의 비밀,3.33,1,45
홍대,이스케이프 하우스,살인호텔,3.3,6,47
부산,큐방탈출카페 서면점,백설공주,3.26,5,43
홍대,시크릿코드 홍대점,조난자들,3.25,4,117
홍대,큐브 이스케이프 홍대점,헨젤과 그레텔,3.25,4,114
부산,코드미스터리,싸이코,3.24,9,51
전주,큐브 이스케이프 전주점,Obsession : 집착,3.24,5,17
전주,원타임 전주신시가지점,마법사의 세계,3.21,0,14
전주,큐브 이스케이프 전주점,Deliver,3.2,6,25
잠실,셜록홈즈 잠실 1호점,웨딩크루즈 살인사건,3.2,4,64
대전,이스케이프탑 대전점,미션 : 폭탄제거,3.18,0,11
대전,큐브 이스케이프 대전점,카타콤,3.18,0,11
광주,이스케이프탑 광주점,해리포터 : 마법사의 방,3.18,0,11
제주,언리미티드 이스케이프,피의 멜로디,3.18,4,44
의정부,EXIT 의정부,폐쇄병동,3.18,3,85
수원,방탈출 탐정,사라진 피카소,3.17,8,82
서울(기타),셜록홈즈 영등포점,미녀와 야수2,3.17,7,41
인천,콜드 케이스 2호점,악몽,3.15,5,27
홍대,큐브 이스케이프 홍대점,타워링,3.13,6,115
서울(기타),더코드 회기점,다시 시작된 살인사건,3.12,0,8
대전,방탈출 추리존,전기톱 살인사건,3.12,2,16
포항,더패닉 이스케이프,피의 멜로디,3.11,7,45
경상(기타),더 지니어스,탐정사무소 검은 방,3.1,8,42
의정부,EXIT 의정부,흉가,3.1,6,79
대구,코드네임 블랙 대구점,그녀의 오피스텔,3.1,5,21
경상(기타),더 지니어스,생체실험실,3.05,9,41
부산,코드미스터리,곤지암 정신병원 살인사건,3.04,5,51
홍대,해피앤딩,어?계인씨!,3,0,5
청주,셜록홈즈 청주점,반 고흐의 방,3,0,5
부산,이스케이프탑 부산 1호점,프리즌 : 수감번호1508,3,0,5
울산,이스케이프탑 울산점,해적 : 저주받은 캐리비호(AR),3,0,5
창원,이스케이프탑 창원점,해적 : 저주받은 캐리비호(AR),3,0,5
홍대,큐브 이스케이프 홍대점,Deliver,2.97,7,111
전라(기타),어메이징 이스케이프,파괴된 도시,2.96,8,27
서울(기타),비트포비아 명동점,드러건 [배신의 씨앗 : 의심],2.95,3,39
전주,큐브 이스케이프 전주점,헨젤과 그레텔,2.92,3,24
홍대,엑스이스케이프 홍대상상마당점,몬스터 탐험가,2.91,1,67
대학로,비밀의 화원 시네마틱 혜화점,삼남매 이씨 (차녀),2.91,1,79
서울(기타),월투월방탈출 서울대입구점,이상한 나라의 초대,2.87,3,47
경기(기타),셜록홈즈 용인점,마법사의 세계,2.86,0,7
부산,이스케이프탑 부산 1호점,여고괴담(AR),2.86,0,7
부산,큐방탈출카페 서면점,산타의 비밀,2.86,0,14
전라(기타),셜록홈즈 순천점,스토커,2.86,0,7
부산,더락 이스케이프 경성대점,미스터리 동호회 -산장편-,2.86,8,35
홍대,큐브 이스케이프 홍대점,게슈타포,2.83,5,115
전주,큐브 이스케이프 전주점,신데렐라,2.81,5,16
홍대,큐브 이스케이프 홍대점,장기밀매,2.79,9,129
홍대,큐브 이스케이프 홍대점,로미오 포인트,2.77,8,94
전라(기타),어메이징 이스케이프,메이저리그,2.76,5,29
홍대,시크릿코드 홍대점,미션(이지모드),2.75,0,20
경상(기타),더 지니어스,마르코의 방,2.75,6,40
잠실,셜록홈즈 잠실 1호점,빛과 그림자 : 화이트의 죽음2,2.74,3,31
대전,ESC 대전둔산점,수상한 병원,2.73,8,22
홍대,엑스이스케이프 홍대상상마당점,타로술사의 비밀,2.69,2,65
광주,이스케이프탑 광주점,원피스 : 보물 탈취작전,2.69,2,39
전주,원타임 전주신시가지점,도둑들,2.67,7,15
홍대,큐브 이스케이프 홍대점,몽키 하우스,2.66,5,124
홍대,엑스이스케이프 홍대상상마당점,애인탈옥,2.66,2,62
잠실,셜록홈즈 잠실 1호점,미대교수의 비밀,2.64,5,87
전주,큐브 이스케이프 전주점,피고인,2.61,9,23
전주,원타임 전주신시가지점,정신병동 플래쉬 백,2.59,8,29
홍대,엑스이스케이프 홍대상상마당점,인육판매자,2.59,2,58
인천,리즌 방탈출,빛과 그림자 : 화이트의 죽음2,2.5,0,2
성남,셜록홈즈 분당야탑점,무속인 살인사건,2.5,0,16
대전,큐브 이스케이프 대전점,타이타닉,2.5,0,12
울산,이스케이프탑 울산점,마법사 : 미로의 방(AR),2.5,0,2
울산,이스케이프탑 울산점,젠틀맨 : 요원의 자격(AR),2.5,0,2
창원,이스케이프탑 창원점,젠틀맨 : 요원의 자격(AR),2.5,0,4
광주,이스케이프탑 광주점,킹스맨 : 요원의 자격,2.5,0,14
전라(기타),셜록홈즈 순천점,도둑들,2.5,0,6
전라(기타),셜록홈즈 순천점,마법사의 세계,2.5,0,6
홍대,엑스이스케이프 홍대놀이터점,저주인형,2.5,2,68
잠실,셜록홈즈 잠실 1호점,산속의 여인,2.47,4,89
전주,큐브 이스케이프 전주점,제시의 시크릿,2.45,9,49
홍대,엑스이스케이프 홍대놀이터점,인형살인,2.42,1,60
대전,고스트키,학교,2.41,6,56
홍대,엑스이스케이프 홍대놀이터점,인육식당,2.38,7,63
대전,고스트키,그 살인자의 집,2.35,8,51
홍대,엑스이스케이프 홍대놀이터점,사진괴담,2.35,4,66
경기(기타),셜록홈즈 용인점,이상한 나라의 초대,2.27,0,11
대전,고스트키,드라큘라백작의 성,2.27,6,55
홍대,엑스이스케이프 홍대놀이터점,해골성당,2.26,4,62
광주,이스케이프탑 광주점,여고괴담 : 과학실 살인사건,2.22,0,9
대전,고스트키,내 부인이 사라졌어요,2.22,4,54
부산,이스케이프탑 부산 1호점,젠틀맨 : 요원의 자격(AR),2.19,0,16
전라(기타),셜록홈즈 순천점,저주받은 집,2.08,0,12
창원,이스케이프탑 창원점,더미러 : 싸이코패스,2,0,5
제주,셜록홈즈 제주시청점,반 고흐의 방,2,0,5
전라(기타),어메이징 이스케이프,그들의 목소리,2,6,30
경상(기타),더 지니어스,레베카의 은밀한 초대,1.83,8,41
창원,이스케이프탑 창원점,여고괴담(AR),1.67,0,3
창원,이스케이프탑 창원점,마법사 : 미로의 방(AR),1.25,0,4
강원,셜록홈즈 강릉점,마법사의 세계,1.25,0,4
울산,이스케이프탑 울산점,쥬라기S : 바이러스,0,0,3
울산,이스케이프탑 울산점,프리즌 : 수감번호1508,0,0,2
울산,이스케이프탑 울산점,미션 : 폭탄제거,0,0,2
창원,이스케이프탑 창원점,프리즌 : 수감번호1508,0,0,2
창원,이스케이프탑 창원점,미션 : 폭탄제거,0,0,3
강원,셜록홈즈 강릉점,이상한 나라의 초대,0,0,5
